,ARG,ARM,AUS,AUT,AZE,BHS,BHR,BGD,BRB,BLR,BEL,BLZ,BEN,BTN,BOL,BIH,BWA,BRA,BRN,BGR,BFA,BDI,KHM,CMR,CAN,CHL,CHN,COL,COM,CRI,CIV,HRV,CYP,CZE,DNK,DJI,DOM,ECU,EGY,SLV,GNQ,EST,ETH,FJI,FIN,FRA,GAB,GMB,GEO,DEU,GHA,GRC,GTM,GIN,GNB,HND,HUN,ISL,IND,IDN,IRN,IRQ,IRL,ISR,ITA,JAM,JPN,JOR,KAZ,KEN,KOR,KWT,KGZ,LAO,LVA,LBN,LSO,LBR,LTU,LUX,MKD,MDG,MWI,MYS,MDV,MLI,MLT,MRT,MUS,MEX,MDA,MNG,MNE,MAR,MOZ,NAM,NPL,NLD,NZL,NER,NGA,NOR,OMN,PAK,PAN,PRY,PER,PHL,POL,PRT,QAT,ROU,RUS,RWA,STP,SAU,SEN,SRB,SLE,SGP,SVK,SVN,ZAF,ESP,LKA,SDN,SUR,SWZ,SWE,CHE,SYR,TJK,TZA,THA,TGO,TTO,TUN,TUR,TKM,UGA,UKR,GBR,USA,URY,UZB,VEN,VNM,YEM,ZMB,ZWE
2010,0.926687904,0.918661945,0.918661945,0.87826205,0.956479464,0.955766745,0.986989348,0.971601591,0.927434771,0.894537075,0.870954407,0.97345712,0.984314704,0.97174655,0.970873425,0.901530943,0.978886846,0.954532744,0.977289805,0.872918831,0.986209261,0.984572965,0.966583968,0.980603455,0.901530582,0.939566526,0.945382549,0.964194289,0.982890755,0.956832634,0.983541035,0.869880939,0.922316603,0.898684642,0.889109792,0.978536898,0.959037904,0.958780812,0.965758145,0.95360599,0.981714158,0.872251225,0.980505316,0.974043616,0.877098783,0.872897297,0.965151502,0.985810168,0.891549247,0.850136557,0.97779062,0.856241571,0.970712982,0.98226596,0.984005032,0.971140124,0.885336287,0.914615051,0.969530533,0.969360904,0.965588862,0.979409141,0.92273547,0.924891191,0.848416362,0.945188465,0.835245204,0.981006279,0.953160602,0.983533286,0.926445555,0.982873599,0.966834157,0.97705463,0.868878494,0.945187294,0.971223358,0.983187173,0.890688382,0.89871526,0.922634496,0.982731495,0.982246141,0.970616747,0.967939231,0.983696151,0.89857983,0.981741942,0.950681708,0.961659853,0.922115832,0.977177671,0.907611623,0.967074927,0.98097793,0.979292022,0.971701425,0.89293831,0.90961797,0.986364385,0.985846137,0.894733474,0.982587927,0.974078909,0.955240003,0.966770546,0.961251971,0.978402358,0.900356279,0.869271653,0.993001709,0.892735468,0.900931341,0.98543177,0.975334964,0.982078764,0.981868203,0.899683211,0.987481172,0.939427667,0.916781772,0.881821527,0.967593687,0.873266528,0.951603319,0.981467997,0.958442548,0.980385501,0.874079556,0.880799956,0.978146951,0.976479044,0.981803438,0.941206704,0.985057439,0.948746136,0.953237025,0.953805748,0.970570974,0.985503872,0.884737988,0.881311016,0.909541192,0.900350002,0.968378967,0.964914745,0.952149292,0.984863073,0.984048253,0.975199316
2015,0.887938474,0.895731246,0.895731246,0.813460554,0.94393295,0.917094355,0.977040227,0.951411332,0.886712907,0.861617255,0.813834885,0.959248902,0.971088422,0.950243476,0.949375129,0.840964331,0.962162938,0.919814236,0.951124635,0.801157123,0.975842698,0.976261348,0.943608045,0.967944305,0.840125317,0.894358712,0.90549475,0.933732092,0.971641097,0.924920681,0.968360553,0.810233366,0.871898652,0.824051086,0.813582014,0.958683189,0.934166343,0.931644205,0.940673212,0.926905252,0.972095595,0.815751425,0.965159362,0.941727986,0.796346623,0.812699,0.949534005,0.976680147,0.852821207,0.785537752,0.965657288,0.797673666,0.953352715,0.96901812,0.970366256,0.954012249,0.823542012,0.866167946,0.945368706,0.9457389,0.944768723,0.968341699,0.873698924,0.891355015,0.782605346,0.919040649,0.735579673,0.963529291,0.932388505,0.972403483,0.869935386,0.975696817,0.958975942,0.961444385,0.814116742,0.911696042,0.958285773,0.969885459,0.842792973,0.855566661,0.870846571,0.971621831,0.967415664,0.942475095,0.950949911,0.973178604,0.823023892,0.967968915,0.904902834,0.93207901,0.882700851,0.961634252,0.862863523,0.949110381,0.966941202,0.96378612,0.946931764,0.819259692,0.853360764,0.973841496,0.972829862,0.836273407,0.969757681,0.955897024,0.924187272,0.942929289,0.933017175,0.959186655,0.846755514,0.806347946,0.990752373,0.845547942,0.867961059,0.974991964,0.967635035,0.969918028,0.97079642,0.850043453,0.973416791,0.888269804,0.86381383,0.821189129,0.942767233,0.817356122,0.910009198,0.966959437,0.931830448,0.964131219,0.800415582,0.818000367,0.956734014,0.968295026,0.967543083,0.895575562,0.972524672,0.904028152,0.924984566,0.922984746,0.958428856,0.975910648,0.851333949,0.819265678,0.853312035,0.857049146,0.956821981,0.934001417,0.932078382,0.970459508,0.974216868,0.961643886
2020,0.879858716,0.882836181,0.882836181,0.803584557,0.932536794,0.899312557,0.973986446,0.947703,0.869108525,0.851772075,0.801556875,0.955099167,0.970235037,0.945300702,0.945084888,0.826516468,0.954619414,0.904589303,0.929700731,0.789009687,0.975794796,0.974405846,0.933747488,0.968038593,0.819697504,0.876600548,0.882967477,0.919610895,0.969313508,0.907656762,0.968047894,0.791010084,0.856761217,0.80512628,0.801535044,0.955704109,0.924188737,0.920424465,0.936978576,0.921507429,0.966377118,0.805985967,0.963996786,0.930770725,0.775320179,0.796532029,0.951452243,0.9761394,0.83991181,0.769159462,0.96533842,0.784697795,0.951002499,0.967067646,0.963434942,0.94818005,0.804965164,0.849636669,0.937032773,0.936881438,0.933428334,0.965139347,0.859232065,0.877376084,0.771666317,0.907910715,0.713858122,0.959241296,0.925101391,0.969108056,0.844684988,0.974302268,0.954563371,0.957697068,0.810731942,0.892368559,0.957633436,0.968975637,0.837502202,0.847416851,0.851577544,0.969022993,0.967562202,0.931433147,0.947301607,0.975055902,0.794111842,0.966089637,0.883225788,0.918527305,0.863795669,0.956489336,0.844596176,0.938528964,0.965855551,0.960722073,0.940442537,0.799033163,0.83756669,0.974295666,0.972930132,0.825712813,0.969199484,0.953862889,0.913894146,0.935267707,0.923802923,0.951406648,0.818593058,0.789690857,0.987154187,0.829674445,0.851910555,0.970592644,0.968483835,0.959330617,0.971037965,0.826096127,0.973697032,0.86069944,0.838432117,0.795242102,0.936330224,0.805159294,0.895761547,0.964977035,0.924072747,0.961186956,0.793127162,0.809207513,0.95096386,0.96540866,0.966889772,0.870249353,0.971939962,0.884739489,0.909666692,0.909865953,0.951401315,0.975852265,0.833796371,0.811110794,0.834493012,0.850850111,0.949628229,0.92220829,0.917935876,0.968710053,0.975564366,0.960502614
2025,0.871603339,0.8567899,0.8567899,0.785424289,0.909630112,0.878341972,0.953245098,0.93897012,0.844420123,0.831128769,0.783764264,0.947991129,0.96842459,0.935758293,0.940087792,0.808377568,0.949234826,0.88626831,0.90025409,0.778534348,0.97463296,0.971640156,0.924065273,0.967596783,0.796153332,0.851861209,0.865005578,0.903496004,0.965849693,0.88572462,0.96722411,0.771129426,0.838669918,0.795064017,0.791189313,0.949324357,0.910963741,0.907988231,0.929300972,0.914705344,0.955646289,0.794797989,0.96196191,0.915273716,0.760147879,0.78269525,0.952032403,0.974834728,0.815969437,0.749166639,0.962340211,0.768334062,0.94910678,0.965395655,0.964112803,0.941038671,0.794269869,0.829214109,0.927927302,0.92332228,0.918988688,0.964532778,0.843132299,0.866313499,0.756187595,0.894766452,0.703660614,0.952939635,0.912809793,0.965819989,0.80597643,0.967203701,0.944119131,0.952183645,0.801035867,0.874541964,0.958107539,0.967215309,0.823210194,0.834568864,0.831189204,0.965968785,0.967903432,0.917478105,0.934688304,0.976283193,0.768408019,0.962650393,0.858914876,0.904284487,0.843745175,0.945210637,0.826547207,0.92353011,0.964691495,0.956291213,0.934021412,0.777422489,0.819266398,0.973884588,0.972497624,0.812680523,0.962142312,0.948642376,0.900924444,0.927690609,0.912256721,0.943926708,0.791599782,0.770095637,0.976216592,0.812943549,0.833184366,0.966714468,0.964714476,0.945532999,0.970303067,0.80828355,0.973003316,0.82651129,0.81641729,0.772657771,0.929173969,0.785622758,0.87669028,0.962614651,0.910394832,0.959043931,0.787098329,0.797758006,0.942670657,0.95729398,0.966257923,0.838609254,0.970721376,0.8669999,0.890145757,0.893732418,0.9386609,0.975561506,0.822549505,0.799615716,0.814270607,0.840832201,0.936357207,0.909651659,0.895654137,0.966126946,0.976171593,0.960637368
2030,0.862929815,0.830048552,0.830048552,0.759535476,0.880678727,0.854386357,0.93447577,0.923884547,0.820302968,0.813317077,0.764759743,0.935552824,0.965563991,0.926364589,0.934795946,0.783071167,0.948406634,0.864377637,0.868870939,0.771338955,0.972668398,0.969925764,0.908746949,0.966130322,0.773418503,0.823702226,0.838240705,0.884828134,0.962462058,0.859153969,0.96590411,0.754274697,0.822182603,0.788319502,0.778869742,0.939886304,0.895767401,0.894129927,0.920507765,0.904285067,0.944973077,0.786279751,0.959564736,0.899610312,0.748056726,0.76789445,0.950696135,0.973115706,0.788572547,0.717739267,0.958209737,0.751552772,0.946061735,0.964026261,0.964033208,0.932424593,0.794709909,0.810182554,0.918486297,0.907701377,0.900415377,0.961462514,0.82511973,0.857809621,0.732397859,0.873224564,0.693332432,0.942303686,0.901556447,0.962899909,0.766042501,0.95989462,0.929626413,0.944827884,0.792347003,0.849950725,0.960591795,0.964839937,0.805745205,0.816810243,0.811545248,0.962679197,0.968673187,0.902574009,0.917264891,0.976490728,0.747815894,0.95858996,0.831868466,0.887388374,0.827686668,0.927658591,0.810963921,0.906773579,0.963908828,0.950341809,0.924979579,0.753918111,0.798745016,0.973151141,0.971679785,0.800103393,0.956439338,0.941696661,0.885501717,0.920388656,0.897548655,0.936662565,0.778911019,0.746482637,0.956867098,0.808727008,0.818921198,0.961807524,0.960850779,0.927511999,0.96870016,0.795158289,0.971080399,0.794578013,0.800118431,0.752053387,0.923336077,0.759226277,0.858189117,0.95961005,0.889394755,0.958923859,0.780143478,0.781183065,0.932825581,0.947487461,0.965619984,0.804965437,0.968610175,0.845217177,0.866685853,0.875960769,0.924778019,0.974506132,0.808807612,0.782777416,0.79850484,0.82976921,0.921390284,0.894373739,0.870723607,0.963897722,0.975497855,0.962317284
2035,0.853923008,0.818198578,0.818198578,0.736784962,0.86285678,0.83713076,0.913292743,0.905709526,0.805430669,0.806383813,0.750269372,0.919593307,0.96203415,0.910985983,0.928655377,0.763671946,0.950744903,0.844268964,0.83443082,0.760788365,0.969889447,0.968616182,0.894169886,0.963692509,0.763221734,0.80097757,0.805371587,0.865892516,0.959461728,0.836302544,0.964008898,0.742978523,0.807011168,0.781769442,0.768937637,0.930498804,0.880241001,0.878650641,0.912730936,0.89170551,0.938359945,0.777072679,0.955277527,0.889437718,0.742121073,0.755428983,0.947484816,0.970743442,0.778499924,0.689700216,0.952709296,0.728408077,0.941515388,0.962728579,0.967277292,0.921971488,0.787563724,0.796698855,0.908486996,0.890563522,0.877932475,0.953709059,0.808544062,0.850478908,0.706193308,0.848956365,0.678406203,0.928121913,0.893845464,0.959699068,0.728673789,0.948116593,0.921493592,0.936267126,0.787971971,0.826207189,0.963036076,0.96180135,0.793132026,0.799153117,0.792732113,0.959010722,0.969454221,0.888274616,0.896906288,0.975168722,0.742903038,0.954086471,0.814881173,0.866035507,0.825809509,0.912082295,0.803095758,0.892117575,0.9636299,0.943559167,0.913625037,0.734391039,0.785153382,0.974178645,0.970472189,0.786587373,0.944727786,0.934702117,0.868618768,0.913657252,0.881160593,0.929916886,0.771629279,0.724009914,0.921579023,0.782669108,0.820526922,0.958990051,0.95580336,0.904952701,0.966179546,0.783658299,0.967540791,0.7697122,0.790319828,0.734385286,0.919957074,0.729657855,0.841082487,0.955681724,0.87207415,0.960893239,0.772278114,0.767141573,0.922349362,0.940344716,0.964201044,0.771036228,0.965404696,0.835003287,0.843335565,0.856689425,0.914485624,0.97228581,0.807192179,0.767447474,0.790771243,0.820702848,0.910612431,0.880198863,0.84611193,0.962278744,0.972974645,0.963704551
2040,0.841265678,0.811477283,0.811477283,0.727762631,0.852772709,0.820885899,0.884801555,0.886672481,0.793387396,0.800344704,0.743360262,0.90147305,0.958237231,0.893937447,0.920828667,0.75303177,0.950791637,0.824271855,0.80378528,0.744434086,0.966710317,0.967627978,0.880856685,0.960158102,0.758915421,0.782201511,0.77936212,0.851350797,0.956299421,0.817589276,0.961371836,0.733071212,0.790095027,0.764274619,0.763558262,0.920775855,0.864968991,0.862556743,0.906598494,0.878044106,0.937719937,0.767966595,0.948859931,0.881817234,0.746380352,0.745629871,0.943496745,0.969316678,0.770606891,0.681797586,0.946693566,0.707813231,0.934780781,0.960524611,0.958712686,0.910269473,0.773550032,0.784538642,0.898433734,0.873404671,0.855600461,0.944949872,0.790548173,0.839331668,0.68328954,0.83193625,0.655102683,0.911151628,0.888075455,0.954591945,0.694693662,0.939445451,0.915467955,0.925537354,0.78263089,0.805677328,0.96268825,0.957810649,0.78363777,0.786822177,0.775584672,0.954370705,0.968129008,0.874503,0.876071654,0.972676823,0.738528264,0.949127025,0.801546471,0.839847275,0.824395949,0.89676466,0.795667728,0.878998989,0.962989891,0.935545363,0.900587298,0.724613527,0.776045258,0.974780754,0.968296213,0.777392582,0.928378038,0.927174778,0.850925994,0.907836042,0.863025181,0.923405402,0.758007861,0.69789826,0.868241911,0.762522623,0.81702607,0.954026494,0.951692741,0.878825035,0.962169068,0.76673834,0.962489902,0.745514249,0.77254442,0.722118961,0.91592586,0.699022058,0.828728343,0.950870676,0.855603958,0.963833489,0.769189226,0.762043379,0.910455231,0.935497852,0.961247472,0.740611181,0.96076415,0.823652066,0.82340072,0.834665262,0.904854144,0.969061769,0.80187333,0.760099079,0.788243045,0.807761133,0.899312399,0.867944508,0.821073225,0.959421416,0.96881255,0.960873871
2045,0.821981372,0.797335208,0.797335208,0.727327976,0.843797497,0.812390234,0.866583959,0.863499328,0.789028997,0.793157008,0.741035721,0.882089829,0.954084521,0.867405622,0.913369444,0.744141223,0.941628357,0.800901893,0.783786632,0.728080782,0.962418033,0.963938928,0.878264425,0.955207221,0.756584193,0.770038149,0.772322013,0.835214227,0.952037719,0.795619227,0.957971772,0.720604526,0.768390479,0.741528607,0.764355681,0.907330023,0.849836352,0.846599116,0.895211361,0.861782785,0.939958208,0.759324151,0.941382686,0.86982641,0.745526979,0.747547799,0.938413507,0.965964384,0.764341727,0.678902028,0.939809698,0.688708782,0.925446796,0.95682667,0.95513512,0.895013767,0.749475657,0.773205623,0.886473845,0.857601391,0.826841778,0.936045354,0.771754064,0.829295472,0.671416652,0.822283777,0.641910552,0.892664871,0.882128636,0.946927112,0.670212128,0.919011958,0.913009724,0.912496702,0.780479413,0.779317676,0.956391813,0.952868172,0.777177633,0.776064851,0.755818237,0.949203209,0.963697753,0.859439673,0.853092357,0.96988255,0.723698946,0.944084818,0.781511076,0.817502589,0.815848492,0.883073194,0.785140724,0.86538315,0.961798872,0.92646035,0.887768205,0.726593364,0.774287514,0.97482152,0.965343287,0.77513065,0.890893488,0.917206087,0.834449244,0.898208103,0.842922172,0.91586398,0.736337003,0.672375521,0.803483609,0.73697394,0.809764562,0.944870906,0.942415936,0.846393461,0.957051414,0.742204011,0.956490187,0.726314239,0.745456554,0.706555125,0.908665517,0.669264507,0.814125239,0.945506287,0.846000803,0.963869665,0.771011674,0.760130719,0.893036989,0.931245089,0.956642731,0.714706642,0.954768154,0.807426542,0.798759242,0.81106649,0.894377988,0.964884375,0.792278275,0.758474841,0.787660708,0.793623523,0.886282081,0.852888482,0.796472927,0.950640513,0.963948771,0.949818686
2050,0.806329804,0.771592935,0.771592935,0.723975597,0.824395672,0.798569169,0.818019103,0.837930967,0.782386619,0.778375391,0.739182762,0.860197335,0.949363523,0.833485563,0.904618965,0.728857895,0.922713862,0.774975893,0.775846749,0.714171583,0.957472604,0.957349236,0.839437393,0.948212267,0.752971934,0.754158773,0.760779868,0.819140105,0.94596753,0.769492228,0.954322125,0.707887011,0.739718654,0.733185722,0.769603689,0.895843463,0.832745003,0.830937661,0.877099398,0.8420585,0.937341989,0.748017735,0.930835175,0.854387854,0.742726444,0.745453203,0.931545288,0.962378285,0.756251382,0.672807717,0.932241383,0.679300235,0.913693395,0.951717867,0.949461279,0.876388315,0.740260668,0.760607586,0.872996646,0.842164288,0.785336957,0.927649726,0.752323441,0.821323274,0.669706772,0.813615205,0.634500737,0.87298433,0.872637115,0.937259481,0.651164659,0.88894138,0.903853139,0.895222681,0.772275057,0.743197859,0.943576869,0.947155961,0.76493857,0.76517869,0.733312632,0.945444873,0.959415001,0.834756412,0.817617994,0.96742534,0.707074636,0.939457866,0.77050556,0.797939157,0.790377399,0.867585558,0.769475032,0.84797574,0.959509907,0.915917287,0.873615983,0.728393405,0.770379934,0.974634178,0.962241365,0.773572602,0.791473233,0.904202486,0.819553463,0.883207249,0.823873219,0.906897389,0.709150914,0.655838024,0.708867244,0.717516369,0.795062053,0.931717052,0.928895196,0.815785996,0.951525638,0.71647512,0.950492857,0.711077192,0.723187934,0.695570532,0.89484935,0.654721552,0.799077843,0.9402656,0.830100519,0.956733041,0.771900746,0.755763734,0.870915183,0.923353613,0.951360702,0.696371183,0.94816532,0.776028946,0.770766422,0.788094668,0.880763966,0.95984039,0.776484126,0.753001994,0.785510417,0.784737594,0.870098895,0.836795407,0.769415385,0.936962047,0.960000636,0.930010831
2055,0.790983343,0.736010387,0.736010387,0.723749389,0.796715099,0.784825561,0.758208308,0.81221537,0.775254898,0.760462156,0.738637529,0.839042865,0.943977237,0.80172745,0.893444392,0.708940446,0.899978794,0.753952417,0.764362295,0.69990787,0.952383515,0.949664519,0.819824408,0.940069477,0.748614709,0.734189568,0.731489485,0.803182116,0.94249627,0.740536411,0.950031525,0.700822758,0.718724234,0.725987346,0.769995661,0.876269396,0.81491759,0.814094641,0.857095507,0.815205002,0.928672082,0.733892961,0.918779087,0.844408214,0.741109581,0.742634127,0.923355834,0.95898474,0.739378926,0.667651034,0.924819048,0.681452514,0.900955221,0.945556835,0.944700059,0.855469017,0.732536925,0.749264616,0.858255506,0.834028459,0.747127947,0.918736858,0.751881581,0.813471492,0.672901843,0.801036018,0.63017073,0.858697333,0.85913962,0.927591924,0.642557807,0.869618241,0.884617386,0.871283396,0.757765512,0.704665995,0.928025139,0.94168757,0.748030019,0.757448747,0.710543167,0.939144301,0.953708825,0.810000965,0.775522322,0.965554146,0.689708362,0.934952787,0.757566394,0.778637427,0.75038833,0.844816567,0.760861221,0.832601443,0.955595397,0.901162373,0.85304814,0.728877436,0.761925022,0.973776441,0.959469207,0.770183825,0.673746594,0.886886822,0.805501674,0.867525277,0.80337913,0.895829164,0.690478032,0.650432353,0.617333507,0.693265119,0.776110343,0.918843942,0.919501551,0.786243141,0.945736911,0.693581952,0.945539805,0.696917699,0.7056633,0.690659946,0.879497194,0.655574863,0.79053543,0.935127112,0.816630441,0.94162477,0.767825034,0.750005142,0.848779384,0.910633876,0.945842054,0.682711051,0.941579359,0.755572796,0.746137246,0.768895119,0.860772644,0.954009342,0.757263597,0.746766895,0.781731841,0.773200769,0.847325062,0.819245941,0.739810134,0.920988405,0.956775076,0.907201116
2060,0.77635816,0.714971012,0.714971012,0.721586399,0.775130343,0.768723604,0.719942511,0.786717377,0.76714459,0.757543941,0.737091665,0.818731488,0.937653919,0.776554535,0.879549008,0.689603623,0.87886494,0.73760107,0.751246128,0.703791117,0.946679898,0.943621286,0.794759314,0.931758362,0.744547043,0.714505522,0.719141413,0.786854682,0.94047021,0.716848896,0.94463917,0.697599718,0.697179128,0.724396247,0.76533523,0.859942242,0.796444347,0.798421697,0.843557876,0.781830522,0.918467898,0.734821729,0.902331287,0.833936153,0.734934953,0.740611797,0.914778135,0.954973658,0.731066526,0.668288708,0.91724618,0.688401778,0.885950288,0.938681316,0.939226936,0.832666444,0.727675679,0.737475274,0.844112897,0.825562278,0.728555148,0.909451345,0.752982836,0.806655862,0.677765557,0.781562586,0.631069773,0.847085635,0.854070686,0.920581319,0.629615639,0.85733169,0.871685148,0.842439579,0.754921889,0.670868439,0.911800451,0.936155361,0.74031757,0.746737001,0.690983275,0.931199128,0.946571566,0.788361772,0.742362943,0.963456985,0.6746188,0.930271484,0.739566274,0.757837319,0.731118429,0.833362451,0.747757833,0.818599909,0.949893848,0.882993085,0.828488449,0.727673977,0.752540097,0.972039396,0.956640722,0.764703038,0.61022189,0.869722264,0.79219757,0.852827299,0.782691469,0.884236966,0.682129263,0.648949696,0.583901725,0.693888405,0.777591006,0.912300658,0.914242824,0.765484443,0.94048055,0.675356484,0.940928329,0.676280847,0.697743167,0.695461899,0.867537691,0.66335076,0.784856143,0.92876426,0.808722623,0.924255673,0.75995876,0.743417983,0.829057486,0.901593965,0.940438023,0.671014001,0.935778991,0.756105099,0.728811368,0.753015543,0.84242902,0.947070943,0.75834311,0.74315849,0.776126964,0.759147653,0.82541528,0.803894754,0.711805815,0.903184719,0.95370096,0.886327658
2065,0.764572117,0.712931108,0.712931108,0.722139911,0.770465984,0.758410814,0.702079749,0.762522429,0.76304143,0.768958826,0.739264724,0.798514989,0.930463812,0.758436245,0.866948719,0.668726484,0.8612657,0.719601307,0.739300261,0.718376291,0.939867048,0.93977021,0.782994581,0.923474641,0.74344503,0.702534726,0.72352889,0.772107264,0.935991514,0.697933017,0.937996123,0.692974621,0.684891162,0.73644453,0.76034169,0.852218318,0.780258192,0.783284925,0.831970916,0.750643054,0.907895125,0.744024282,0.882657462,0.827906208,0.732623251,0.737302642,0.906496429,0.949773861,0.746313925,0.669313246,0.910665338,0.69585809,0.870285138,0.931379216,0.93384489,0.811546026,0.732362006,0.729962538,0.830828432,0.81355074,0.726562864,0.899123797,0.752201411,0.79834124,0.68380389,0.753411782,0.632867401,0.838066577,0.856939148,0.913381801,0.620433192,0.846177359,0.869111792,0.819287152,0.768884862,0.651138748,0.895680841,0.92795793,0.746041972,0.734495039,0.684539147,0.92191566,0.939568473,0.771922512,0.71938292,0.960091034,0.663079988,0.924947711,0.726029162,0.736278983,0.741988058,0.83310793,0.738392215,0.810476664,0.942324981,0.86612617,0.798058031,0.725918133,0.74618837,0.969103892,0.952751733,0.759859656,0.608295892,0.854028547,0.77789828,0.839792912,0.7640049,0.871982185,0.687021376,0.648489213,0.592950981,0.70171079,0.792613695,0.894838478,0.909739449,0.751485854,0.935527229,0.667590302,0.934251996,0.659948284,0.704986051,0.703420005,0.859186261,0.674222325,0.78003437,0.921401542,0.793682544,0.909765255,0.76222981,0.738439116,0.807220518,0.896532981,0.934560977,0.662741957,0.930085402,0.765981922,0.72408633,0.737841529,0.836662947,0.939038129,0.774308188,0.741965858,0.771548835,0.747066669,0.814544816,0.790108236,0.704044186,0.888541189,0.949612665,0.870827974
2070,0.756131138,0.712985842,0.712985842,0.723199365,0.775100016,0.757482595,0.700130716,0.741714619,0.760528252,0.779927144,0.739335772,0.779725918,0.922340081,0.745728082,0.854789005,0.659985084,0.847444017,0.70286149,0.721822303,0.731698229,0.931686675,0.935089248,0.77293747,0.914080693,0.742743823,0.694960941,0.730283858,0.758616123,0.928794665,0.683359034,0.931912862,0.696631909,0.681733959,0.746307133,0.755961676,0.845622369,0.763582047,0.767960564,0.820988739,0.736302783,0.896971708,0.750110898,0.863346074,0.819837446,0.731027427,0.733244402,0.897380508,0.9435053,0.760231769,0.670912032,0.903011237,0.701499985,0.85412336,0.923611146,0.927843079,0.793269462,0.737409834,0.724778813,0.817928451,0.798363105,0.728997224,0.88830827,0.749578652,0.788142175,0.687765307,0.740900007,0.637300659,0.82863115,0.857836156,0.903609625,0.62522233,0.838057965,0.871470882,0.805374688,0.778580433,0.643136442,0.883345813,0.91747935,0.7590476,0.724643292,0.683947737,0.913052012,0.932399166,0.759985748,0.707819766,0.95523609,0.662028053,0.91860837,0.714071514,0.71723792,0.761189697,0.835975967,0.735778151,0.80633624,0.931395327,0.851902066,0.767122524,0.720110052,0.740428998,0.965405275,0.94728687,0.756638163,0.630914881,0.84440598,0.763705103,0.828587115,0.747678075,0.859147626,0.69884087,0.645166863,0.614718807,0.710294489,0.803059537,0.883624754,0.901255801,0.742004539,0.929401993,0.663674047,0.925781496,0.652437073,0.716680708,0.711236522,0.848817631,0.680203296,0.771554845,0.913015954,0.778962654,0.897647005,0.761369928,0.734635576,0.787574579,0.895590143,0.926910188,0.655769526,0.922831787,0.767530146,0.722565297,0.725118655,0.830096728,0.929436549,0.793907866,0.741430239,0.766872338,0.737731813,0.810773529,0.776776734,0.698663222,0.875898354,0.945069197,0.85925732
2075,0.747230565,0.704454245,0.704454245,0.7228392,0.772877438,0.753655408,0.69988212,0.726971964,0.757320618,0.779107714,0.734559495,0.76256769,0.913990773,0.73563377,0.845057617,0.670734745,0.833633485,0.694897614,0.708195136,0.736379747,0.922314035,0.926806623,0.760394318,0.903764441,0.739496578,0.688700647,0.730926181,0.745357706,0.920623426,0.674882678,0.926044802,0.695189642,0.679966122,0.745711627,0.751012941,0.834916987,0.747354095,0.753711985,0.806312441,0.72544794,0.883968453,0.747975062,0.84611668,0.804347438,0.726671043,0.728450993,0.886404008,0.936261663,0.752576976,0.673012374,0.893726862,0.699363721,0.838646054,0.915330857,0.921162287,0.776391312,0.738878456,0.716214166,0.807369767,0.780806046,0.723999826,0.877499643,0.74116566,0.774108413,0.688421396,0.730736787,0.641942298,0.810373782,0.846428173,0.89195494,0.632673334,0.827481262,0.865266597,0.786407131,0.779941463,0.647019294,0.87177097,0.906506963,0.764444841,0.718152573,0.685814029,0.904579218,0.923230107,0.755211289,0.694100908,0.949007338,0.661689695,0.911523026,0.713430244,0.701185756,0.761782255,0.826329954,0.728068392,0.800721318,0.919947096,0.839776498,0.746217247,0.717217745,0.730416927,0.961112568,0.940161827,0.751446588,0.654860869,0.832904055,0.750716626,0.818943032,0.733461604,0.849429801,0.704243829,0.643444034,0.639848457,0.714477534,0.803242468,0.869032472,0.888419809,0.727344892,0.921916838,0.663606155,0.917626939,0.649348349,0.721583488,0.710649644,0.834171253,0.679139975,0.759207311,0.904991706,0.771532121,0.884152833,0.756309033,0.729679159,0.772111936,0.889045719,0.91717733,0.652617746,0.913870187,0.759915366,0.716371712,0.714293077,0.82407011,0.918494427,0.794783722,0.734841875,0.762351976,0.730347188,0.802203782,0.76376356,0.690234015,0.865235734,0.940323033,0.846784271
2080,0.738069431,0.70036302,0.70036302,0.719641178,0.759895654,0.747004319,0.695439835,0.713775561,0.753504566,0.773636912,0.729137667,0.745907401,0.90591219,0.72482397,0.835301789,0.680874794,0.820099642,0.68870947,0.698502337,0.735054907,0.912487567,0.915776467,0.743839855,0.89307113,0.734195854,0.683141163,0.725223596,0.733743601,0.913397292,0.6680482,0.917503672,0.695312239,0.678683794,0.740861884,0.747130089,0.82067602,0.732920773,0.740491748,0.790739238,0.714619021,0.869547338,0.746591617,0.829862485,0.789009575,0.721363566,0.722645775,0.873635989,0.92749097,0.742300136,0.672574522,0.884348722,0.695761506,0.823277534,0.906808141,0.914014508,0.759706631,0.73702643,0.707742774,0.796625902,0.7696712,0.713392537,0.866381628,0.731131536,0.759166282,0.685889272,0.722684727,0.643685527,0.788253729,0.832397223,0.880203774,0.635356206,0.813070292,0.848363026,0.768538746,0.776488001,0.647826701,0.858274853,0.896067669,0.763056102,0.711418427,0.68715705,0.895476008,0.915093349,0.747580984,0.675002346,0.941536214,0.662168108,0.904270354,0.715359408,0.688682615,0.759090322,0.809510891,0.72671944,0.780882592,0.908839439,0.828087685,0.736745894,0.71444156,0.721183964,0.955894693,0.931503381,0.74455694,0.670261658,0.822651755,0.739183471,0.808251374,0.720690356,0.839432396,0.704811188,0.64381169,0.65620417,0.713795732,0.796465107,0.853697464,0.876403238,0.708947571,0.913074405,0.667759146,0.909946034,0.642626983,0.721391304,0.707101281,0.821165086,0.675528635,0.744922142,0.89735654,0.765183422,0.869365631,0.750156437,0.722888282,0.758551972,0.874821626,0.907025658,0.653803977,0.9032894,0.749316677,0.70698306,0.704776053,0.815085969,0.90657048,0.789779383,0.728875394,0.757383151,0.723728,0.791833131,0.751554406,0.683442679,0.853646203,0.934351438,0.832296659
2085,0.729461305,0.699715412,0.699715412,0.714433647,0.749529502,0.739451541,0.695419248,0.702909542,0.749157521,0.767146545,0.723292039,0.730219918,0.897942317,0.715166906,0.825038445,0.685987855,0.807319209,0.683833706,0.691599562,0.732215309,0.902315767,0.90416989,0.730063481,0.882179539,0.727418034,0.678372318,0.720262689,0.723841345,0.907473558,0.663375281,0.908604822,0.694163514,0.677523092,0.734168987,0.742639796,0.806359677,0.720795875,0.728472659,0.776669805,0.704952242,0.854495035,0.742246839,0.814096484,0.777949892,0.715311119,0.716890805,0.861579071,0.918112069,0.733863737,0.669579369,0.876185811,0.692414517,0.80819257,0.898351574,0.906566964,0.743795943,0.733246909,0.699804794,0.786875698,0.76101834,0.70456985,0.854658811,0.722293469,0.747345593,0.682899505,0.715169838,0.644660958,0.769329968,0.820376662,0.868908365,0.636383313,0.797624102,0.831944653,0.75177086,0.769414224,0.646669071,0.844131236,0.885947822,0.756518998,0.705984083,0.687751588,0.885404296,0.906373868,0.737776425,0.661613137,0.933258551,0.661464705,0.89746183,0.716421683,0.67897523,0.755038751,0.79437596,0.726155937,0.765840079,0.897574772,0.815960942,0.729293644,0.711200924,0.712685513,0.949771202,0.922407144,0.737049167,0.683980911,0.812234273,0.728501075,0.79704376,0.709142731,0.828867862,0.701691223,0.645403246,0.664740565,0.710696321,0.788995614,0.838576041,0.867009871,0.693358103,0.905038584,0.672663947,0.902616278,0.633506351,0.717566141,0.702558889,0.809324643,0.672394121,0.735099401,0.889773789,0.759985892,0.854913033,0.742628099,0.714018159,0.745338826,0.861437867,0.89683062,0.657537479,0.893356132,0.743575448,0.698382239,0.697052339,0.805235107,0.893984993,0.7834481,0.722488053,0.751829956,0.717630328,0.781710836,0.740603274,0.679518364,0.841020907,0.928000407,0.815302183
2090,0.721920276,0.703560823,0.703560823,0.707506757,0.745506129,0.731539267,0.693773684,0.694568609,0.744136737,0.763581486,0.717744439,0.715869161,0.88996034,0.707517604,0.814457703,0.686255094,0.796200191,0.679625412,0.685684875,0.731598348,0.891770023,0.893779463,0.719134384,0.871385288,0.719854516,0.674432059,0.718602624,0.71561254,0.901757502,0.660455541,0.899407031,0.692745326,0.676128662,0.728627469,0.736605337,0.794991037,0.71081981,0.717545578,0.765240504,0.698959301,0.839744891,0.738491019,0.799202033,0.770752097,0.709070535,0.711257657,0.850344476,0.908329249,0.729803986,0.665407931,0.869113323,0.689742753,0.79364393,0.890065994,0.899001917,0.729109028,0.729036631,0.692662011,0.777452992,0.75373698,0.698617328,0.842579629,0.716083732,0.737043979,0.679557333,0.70955763,0.645004571,0.756627743,0.812688024,0.857848779,0.635003634,0.78428696,0.820365262,0.737806674,0.763221907,0.64605697,0.831149877,0.875693415,0.749550849,0.700816416,0.687499554,0.874564572,0.897074716,0.727434458,0.653354749,0.924179683,0.659594211,0.890892667,0.715457097,0.671759873,0.754683903,0.784575453,0.72559536,0.755562332,0.885551981,0.803368474,0.723747257,0.707081234,0.704315306,0.942711395,0.912902478,0.729290215,0.693197708,0.802382121,0.71831345,0.786032131,0.698988235,0.817643022,0.697685157,0.646838432,0.666278587,0.709428347,0.785577879,0.823510153,0.859304046,0.687868651,0.897564909,0.677058706,0.895170862,0.622416309,0.713488278,0.698925206,0.799808281,0.670940719,0.729384992,0.881788167,0.754970371,0.842202121,0.734394349,0.703716546,0.730949153,0.851193649,0.88648591,0.66157831,0.884037062,0.744403882,0.692848788,0.690925222,0.797364847,0.880924298,0.780666711,0.715845878,0.745669552,0.712153331,0.774274543,0.731023666,0.679977529,0.828500806,0.921542443,0.799324886
2095,0.715457593,0.7092373,0.7092373,0.700044879,0.745780682,0.724149758,0.690322792,0.689135143,0.738778195,0.764015081,0.713029595,0.702967278,0.881914236,0.702193086,0.804015762,0.683833354,0.787219384,0.676433977,0.679668331,0.734415327,0.880825967,0.884386092,0.712182848,0.860720407,0.712385787,0.671389493,0.718339304,0.708918058,0.894900223,0.658684763,0.890145513,0.691455707,0.676022604,0.725331304,0.729477709,0.78751053,0.702889785,0.707802734,0.755331037,0.69702528,0.825849197,0.737741293,0.785457079,0.765485532,0.703449882,0.705694724,0.839737056,0.898194704,0.728201272,0.661326729,0.862335885,0.687169525,0.779818987,0.881891825,0.891407176,0.715743656,0.725738164,0.686715501,0.768713648,0.746832852,0.694511483,0.83059184,0.711973619,0.727250383,0.675652944,0.707486492,0.644545835,0.74673708,0.808952308,0.846347602,0.632517573,0.773462272,0.81519049,0.727442198,0.761958491,0.646264501,0.820313793,0.864951001,0.746718163,0.695292443,0.68787596,0.863379898,0.887192951,0.718189688,0.650570725,0.914499754,0.657829644,0.884185038,0.713471315,0.666842426,0.758708388,0.780836315,0.7250319,0.749320804,0.87260693,0.791558019,0.719701529,0.702216376,0.69666673,0.934857447,0.90270285,0.721404618,0.697437364,0.793924036,0.708996161,0.775821555,0.690476258,0.806333353,0.69589185,0.64724942,0.663632564,0.71064787,0.785056317,0.808737523,0.850663618,0.689861353,0.890032617,0.681709613,0.887230114,0.610398996,0.711758006,0.696174624,0.791688876,0.669984082,0.726268191,0.873337618,0.749771661,0.831271944,0.726953239,0.693215193,0.718079518,0.844284925,0.875636766,0.665090448,0.874804448,0.747644992,0.691743789,0.685862423,0.792697058,0.867439565,0.782894796,0.709631129,0.739162798,0.707432679,0.770512484,0.722680958,0.682163159,0.817467778,0.914875744,0.785964992
2100,0.709717334,0.713413727,0.713413727,0.692698937,0.745511192,0.71779387,0.685320115,0.685966493,0.733508132,0.765308669,0.708290786,0.691415989,0.873929951,0.698657606,0.794077368,0.683195463,0.780425138,0.674335957,0.673819606,0.737661715,0.869577956,0.874266947,0.705236708,0.850038875,0.705237661,0.668754191,0.718060512,0.703375732,0.886794133,0.657518249,0.880712589,0.690163752,0.675604312,0.721915848,0.722467165,0.781574032,0.69674627,0.699277636,0.745577244,0.697646529,0.812708841,0.737887013,0.772903121,0.760780154,0.698494167,0.700219743,0.829149788,0.887784855,0.725791776,0.657765494,0.855026533,0.683539754,0.766687895,0.873960556,0.88367616,0.703733586,0.723044107,0.681666134,0.760737169,0.740232066,0.690885489,0.8190158,0.70780785,0.717080763,0.671078082,0.708467908,0.643422616,0.737609394,0.804456374,0.834262339,0.630460323,0.764007035,0.812247298,0.71945306,0.763884966,0.648296031,0.811107327,0.853825246,0.748670594,0.689678531,0.689254377,0.852126262,0.876993427,0.711195422,0.650247645,0.904159346,0.656272126,0.877170974,0.711630623,0.663905843,0.761165524,0.778698421,0.724631914,0.745402792,0.859362561,0.781817252,0.716901536,0.696925811,0.689657842,0.92628302,0.89166933,0.713935658,0.698817697,0.786824922,0.700541957,0.76648477,0.683616629,0.795375857,0.697433184,0.646134888,0.658944558,0.712151719,0.783371708,0.794347075,0.840047079,0.691936613,0.881898873,0.686361467,0.878853698,0.599373703,0.712062404,0.692881295,0.783875358,0.667386396,0.723716959,0.864730568,0.74508887,0.821202987,0.720034015,0.683281862,0.707415823,0.837310014,0.864098796,0.668327317,0.865066422,0.748500066,0.693820282,0.68157088,0.78982774,0.853738347,0.785819351,0.704034946,0.732876789,0.703401897,0.768498877,0.715495537,0.683485854,0.808254444,0.907979385,0.774179036
