dummy,ARG,ARM,AUS,AUT,AZE,BHS,BHR,BGD,BRB,BLR,BEL,BLZ,BEN,BTN,BOL,BIH,BWA,BRA,BRN,BGR,BFA,BDI,KHM,CMR,CAN,CHL,CHN,COL,COM,CRI,CIV,HRV,CYP,CZE,DNK,DJI,DOM,ECU,EGY,SLV,GNQ,EST,ETH,FJI,FIN,FRA,GAB,GMB,GEO,DEU,GHA,GRC,GTM,GIN,GNB,HND,HUN,ISL,IND,IDN,IRN,IRQ,IRL,ISR,ITA,JAM,JPN,JOR,KAZ,KEN,KOR,KWT,KGZ,LAO,LVA,LBN,LSO,LBR,LTU,LUX,MKD,MDG,MWI,MYS,MDV,MLI,MLT,MRT,MUS,MEX,MDA,MNG,MNE,MAR,MOZ,NAM,NPL,NLD,NZL,NER,NGA,NOR,OMN,PAK,PAN,PRY,PER,PHL,POL,PRT,QAT,ROU,RUS,RWA,STP,SAU,SEN,SRB,SLE,SGP,SVK,SVN,ZAF,ESP,LKA,SDN,SUR,SWZ,SWE,CHE,SYR,TJK,TZA,THA,TGO,TTO,TUN,TUR,TKM,UGA,UKR,GBR,USA,URY,UZB,VEN,VNM,YEM,ZMB,ZWE
2010,39244.66182,2991.850364,20263.74036,8176.196455,8032.219273,296.6308182,914.2348182,144108.7222,279.8647273,9817.850727,10356.71164,281.2783636,7801.010727,654.0664545,9072.052455,4382.538909,1847.848818,188874.6575,360.6908182,7463.618455,13913.90191,8226.093909,13343.84873,17284.26645,32416.36318,15977.37982,1297335.537,41496.00291,673.3936364,4205.849091,18936.84509,4479.764182,1008.717,10238.71409,5429.762636,694.6557273,9156.988091,13616.12018,72653.901,5953.481,568.7690909,1333.964545,75418.29564,838.4511818,5218.566,62934.76345,1393.423091,1551.235455,4680.808455,82229.51536,22052.47627,10662.80464,12248.70973,9206.576545,1417.930455,7184.995364,10064.80318,296.0856364,1090417.684,228729.1588,72561.34573,26116.21109,4215.469636,6740.454273,59098.49236,2734.465545,127216.7276,5472.17,15210.67,35062.74445,47897.06409,2257.736727,5159.426909,5858.796818,2293.049182,3915.697727,1920.442727,3055.962455,3598.638545,468.3928182,2045.086273,18392.12873,13546.15636,25843.02718,344.5529091,12163.43745,398.4963636,2843.969818,1241.742273,106210.957,4345.981818,2870.159545,699.2852727,29888.56418,20124.94264,2022.875091,27004.12927,16382.14036,4037.896818,13280.25191,137572.3784,4589.657636,2697.888091,169125.4551,3155.788364,5914.014,27412.97491,90493.26364,38560.67973,10554.16673,760.3296364,22206.05536,142912.232,9652.628364,157.8049091,23592.44918,10840.12491,7483.48,4641.091909,4402.099545,5432.918,2009.410091,47367.03236,43696.00164,20091.58436,38720.696,460.1220909,1255.505455,9000.265273,7470.59,19106.12055,6832.823818,37793.558,64189.01055,5749.308364,1238.404818,10013.84255,72631.51582,4664.574818,28406.88555,47048.39336,60603.46355,295997.2819,3263.455,26510.64909,25305.95409,84401.36609,20388.05636,11799.48673,11647.822
2015,39583.34325,2997.086102,20529.60063,8206.284858,8121.216263,300.9230661,929.4019738,145827.9393,281.2612523,9769.350544,10402.07404,287.9727887,8011.013936,664.4988144,9220.834115,4376.534831,1863.83271,190474.4258,365.5601442,7406.671046,14309.61328,8485.956216,13577.09921,17719.65712,32739.55432,16118.30031,1305184.417,42029.64151,689.5348819,4263.637458,19373.52874,4462.51709,1019.570795,10281.6143,5451.210198,705.1797616,9269.619045,13829.75711,73838.15959,5992.59537,584.4955563,1330.176086,77342.21636,844.6054135,5236.465681,63279.01661,1426.32181,1600.533718,4662.693726,82139.06289,22521.31192,10665.79023,12555.53991,9440.239458,1451.776455,7328.910821,10043.96904,299.4669344,1103884.342,231501.3562,73506.82006,26869.66378,4263.020133,6828.214988,59221.41722,2748.602732,127109.8655,5663.805393,15368.70886,35998.5691,48149.96059,2339.241023,5229.233955,5967.887615,2279.88708,4034.734938,1941.125895,3134.867406,3582.15678,474.7020695,2046.456481,18905.26912,13931.54451,26259.87521,351.0649591,12529.67855,399.7077925,2913.703958,1246.324302,107496.1096,4312.213539,2913.011027,699.6209296,30310.29182,20622.63247,2060.682626,27315.75692,16427.02742,4079.042987,13791.67441,141396.8905,4635.691902,2910.670525,171934.6289,3206.817462,6014.552238,27757.556,92043.41325,38565.30701,10558.17731,805.2194981,22148.31962,142607.8289,9917.110381,161.8778538,24028.43764,11153.94653,7448.457314,4728.298026,4491.021956,5437.807626,2014.252769,47735.0742,43886.51621,20253.32161,39536.54106,464.1527604,1274.225041,9059.037005,7546.491194,19233.9405,6998.519796,38933.03377,64380.2938,5897.065589,1241.847583,10124.39537,73520.52557,4724.001501,29352.2667,46757.16381,60945.87312,298388.9399,3274.583382,26868.80796,25683.51893,85204.8671,20856.5739,12178.48624,11974.54341
2020,39551.55508,2992.089712,20512.78173,8206.121334,8100.493137,299.9174877,929.7493831,145708.329,281.1884875,9767.976045,10389.85312,287.2189626,7997.986248,661.5947594,9212.669268,4375.439196,1864.387065,190230.7775,364.8676179,7402.49142,14294.72541,8475.097772,13551.74589,17702.89138,32723.6703,16103.44135,1303056.787,41960.34318,688.2352321,4253.879888,19353.26631,4464.308996,1017.936673,10266.56339,5451.264496,704.3322816,9254.510014,13808.92444,73705.20295,5987.89212,583.414895,1329.842595,77223.80964,842.7775899,5233.96077,63238.73836,1424.050531,1598.889408,4658.20015,82093.01436,22482.27903,10653.74126,12536.55441,9428.086777,1450.301807,7317.127429,10041.85543,299.0849839,1102150.578,231117.0912,73390.72191,26791.05398,4256.654774,6836.977578,59145.77115,2746.77064,126926.6735,5527.274752,15343.61126,35930.19675,48091.52617,2309.07766,5238.520924,5959.685299,2279.726566,3887.857116,1939.090226,3130.314022,3584.423923,473.9620088,2044.615903,18896.62482,13923.41681,26202.50369,350.0244093,12550.11313,399.3212511,2909.267365,1245.181899,107320.8615,4316.77682,2906.524466,698.8237444,30227.5005,20604.52002,2057.951745,27292.53337,16418.67253,4075.328122,13798.71294,141300.5899,4635.600109,2742.214392,171755.3559,3202.746495,6006.86402,27740.28583,91961.06438,38547.95471,10547.93977,772.2820183,22132.77538,142489.2118,9899.446071,161.3918147,23963.08656,11131.83267,7442.395695,4722.032552,4468.21908,5435.091167,2012.062512,47653.12924,43804.36772,20224.38973,39621.33939,463.5914115,1271.048613,9062.277101,7542.980017,19659.62486,6981.779377,38881.63453,64275.66571,5885.969424,1238.776339,10109.07419,73301.1784,4717.191222,29313.63334,46730.8167,60932.54036,298294.2208,3273.21273,26820.02836,25638.22127,85052.10062,20824.97241,12182.26208,11948.33581
2025,39524.08381,2991.611016,20492.92326,8204.976667,8076.396479,299.487373,925.0959278,145489.2838,281.0373605,9761.692621,10385.91757,286.5523329,7985.2706,660.3847365,9202.508569,4373.68618,1863.83271,190006.0167,364.3626507,7396.445889,14279.69839,8451.817926,13522.38943,17682.32311,32681.85319,16085.22713,1300241.569,41894.36454,687.4608295,4245.17378,19336.41252,4462.293102,1016.262203,10256.32468,5451.970365,702.8943442,9240.499822,13789.72571,73570.06669,5979.200038,582.1579153,1329.175612,77083.53161,841.1761481,5230.777444,63195.94272,1421.876791,1596.733191,4653.191685,82024.76387,22444.12825,10654.38102,12516.58901,9414.276912,1448.600291,7304.409987,10038.53404,298.6675031,1100711.227,230819.7433,73221.65398,26743.52248,4249.362012,6826.934301,59088.44562,2743.59866,126781.6464,5557.371687,15312.42938,35873.04447,48052.72955,2302.394759,5223.403803,5947.616178,2278.648833,3941.932902,1937.246601,3127.349738,3584.243991,473.3484142,2042.591268,18880.07191,13912.57989,26162.96386,349.0631067,12547.43717,398.8669652,2905.228928,1244.114001,107192.3462,4314.777669,2898.114899,698.2363448,30178.48325,20609.14876,2055.706354,27266.33937,16410.31764,4071.895909,13799.37696,141211.1678,4626.283104,2727.699754,171498.2852,3198.517738,5997.756438,27703.27831,91883.24017,38513.25009,10541.29065,767.3094625,22109.68108,142283.4182,9883.229656,161.0620024,23857.15646,11112.42885,7437.456598,4715.581434,4441.366273,5429.386603,2009.65122,47627.07737,43749.31076,20187.62213,39572.93852,463.0944796,1269.027249,9061.017064,7541.336487,19409.90787,6960.050997,38837.41607,64196.71323,5876.368079,1235.494567,10088.64595,73234.3574,4707.209032,29271.87521,46692.23702,60897.39035,298169.9019,3273.571711,26756.66791,25595.4542,84874.01374,20778.48764,12173.64845,11859.81236
2030,39489.15606,2987.901122,20471.4437,8200.888568,8057.76173,299.0068311,922.344081,145248.6222,280.8078714,9753.151091,10381.46418,285.9785251,7972.632963,659.2074168,9190.53346,4370.618403,1864.331629,189771.8121,363.8865388,7390.101813,14263.55826,8436.023826,13490.49763,17664.69315,32649.11267,16063.97722,1298100.965,41831.29061,687.1645363,4237.182667,19320.12683,4460.590791,1015.092091,10245.16448,5450.775817,701.4980862,9227.13062,13770.93547,73464.71854,5973.78237,580.9919387,1328.295196,76930.43247,839.9603939,5226.49822,63176.43294,1420.121077,1594.328776,4651.272554,81959.80255,22411.27006,10651.28881,12496.62361,9400.559113,1446.870416,7291.979945,10034.00488,298.2144921,1099097.409,230552.1302,73091.04355,26664.1292,4244.303448,6821.339724,59074.85296,2738.950068,126667.1513,5546.427347,15286.41914,35835.52734,48005.79043,2296.81815,5207.770739,5934.785413,2279.313817,3935.432844,1935.671838,3124.599372,3582.15678,472.7582393,2040.096262,18855.24253,13900.65927,26115.15426,348.1362594,12537.94969,398.3210252,2901.588647,1242.648745,107035.154,4307.21566,2890.508976,697.655938,30116.61392,20610.35626,2052.186551,27232.5842,16398.85014,4067.373465,13790.74479,141143.7573,4623.483413,2714.588018,171173.5644,3193.784056,5988.116595,27664.35189,91751.12,38463.12121,10537.80777,765.834423,22089.47357,142191.9544,9865.661872,160.9404926,23785.43541,11096.81907,7430.496962,4711.31163,4435.423439,5421.780518,2007.862845,47602.92018,43723.96708,20159.89575,39520.27837,462.5285294,1267.759188,9053.816851,7536.779427,19379.7202,6941.055747,38814.362,64123.53776,5869.756374,1233.686496,10067.11619,73161.72589,4696.713738,29230.68523,46650.83444,60857.39206,297989.3436,3271.77681,26693.30746,25555.4708,84739.81557,20727.10974,12163.61889,11832.20702
2035,39456.97544,2985.806826,20454.21952,8195.574041,8046.837912,298.5589185,921.1372911,145025.2537,280.533604,9747.94763,10377.83933,285.4497217,7959.527265,658.1936138,9177.832587,4365.359356,1864.239237,189539.4963,363.3058266,7387.116366,14245.60933,8433.062432,13474.48501,17647.58173,32615.72381,16043.3664,1296492.269,41772.78125,686.7470322,4230.11684,19306.68167,4458.619695,1013.024222,10241.37616,5447.73515,700.6575528,9214.493976,13752.5537,73392.79117,5965.149823,580.0193435,1328.175139,76785.62934,838.979406,5222.062439,63150.62969,1418.61618,1591.738213,4653.144877,81911.28714,22383.48394,10651.39544,12477.51563,9386.012722,1445.253975,7280.124703,10030.88479,297.7733245,1097538.111,230247.9204,73010.50046,26617.90351,4242.111404,6817.969497,59065.3972,2734.028031,126584.4605,5539.860743,15279.42223,35800.81522,47940.17145,2292.889688,5199.773627,5925.05981,2278.717625,3928.462902,1935.057296,3121.115575,3580.429434,472.0181786,2037.683061,18827.2865,13884.67481,26066.0525,347.5505194,12525.66462,397.8547845,2898.005245,1240.922723,106874.7755,4303.043518,2886.921277,696.9986099,30069.98776,20597.67754,2048.262173,27194.50838,16384.92532,4063.012536,13775.60531,141068.0925,4619.536307,2705.738945,170870.8298,3188.9557,5979.304715,27626.79611,91608.14065,38407.97944,10534.64152,764.7851681,22077.03818,142184.8087,9848.673246,160.8363414,23760.19149,11084.02772,7422.115464,4706.392072,4427.367596,5415.098029,2006.998799,47597.70981,43721.78228,20141.00966,39462.19733,461.7923341,1267.332316,9047.606668,7530.429426,19346.28449,6933.334656,38787.52858,64040.09205,5865.041941,1232.671004,10050.39308,73078.92596,4688.177567,29184.95015,46636.24943,60818.60585,297740.7059,3269.590295,26644.52787,25519.28328,84641.90998,20678.1784,12153.70732,11814.96825
2040,39427.1495,2983.832205,20443.2771,8192.140038,8038.805693,298.1970289,920.0127823,144826.3836,280.287323,9748.045808,10375.25015,284.9687357,7946.109527,657.2975428,9166.129639,4360.056484,1863.943581,189320.4017,362.6024795,7388.012,14225.29503,8433.062432,13463.14274,17628.3962,32593.03236,16024.99241,1294974.386,41717.17661,685.8985562,4223.72395,19295.50894,4456.469408,1011.258967,10244.95971,5445.074567,700.1712938,9202.315182,13733.89962,73325.22305,5958.30332,579.200316,1328.695385,76649.87641,837.9900337,5219.453156,63118.53296,1417.180955,1588.930477,4656.093786,81872.63926,22355.25677,10651.18218,12459.51002,9372.663186,1443.594996,7269.20351,10031.58933,297.4061783,1096076.952,229911.6886,72951.00016,26574.55059,4240.973227,6814.329652,59054.16849,2729.652886,126527.2129,5533.731913,15280.9433,35758.73993,47868.32585,2289.95463,5199.618845,5916.681731,2280.299829,3922.667669,1935.230136,3116.959466,3580.105556,471.1938073,2035.862934,18801.35359,13867.0648,26025.22052,347.2197486,12509.85215,397.5479423,2894.308084,1239.34571,106719.7075,4301.609344,2886.289842,696.376246,30035.61592,20572.32011,2044.883972,27163.99372,16369.19847,4059.862977,13756.48174,140956.6589,4616.461237,2699.452866,170585.0078,3184.253575,5971.498216,27591.15925,91477.83035,38374.81725,10528.83673,763.9792187,22069.26606,142201.9582,9833.325567,160.6138365,23751.93414,11071.23637,7413.733966,4700.72994,4419.443817,5411.457974,2006.677293,47588.71007,43718.72356,20125.53914,39399.85701,461.0285314,1267.131436,9047.426663,7525.573542,19314.56833,6933.266328,38747.84534,63945.7342,5859.98255,1231.667896,10041.28048,72989.58919,4682.113619,29136.94251,46649.89347,60799.81877,297515.748,3267.240608,26610.85934,25486.38554,84541.47236,20634.1402,12143.67776,11804.01929
2045,39396.93111,2981.019866,20435.98215,8190.341275,8028.685097,297.9359938,918.7511382,144641.9245,280.1222028,9748.340344,10372.45384,284.510252,7933.081839,656.4995817,9155.061735,4356.901056,1863.389227,189114.5283,361.917167,7389.504724,14204.28504,8426.975122,13448.19763,17607.13655,32580.38998,16008.53571,1293430.557,41666.55148,684.8547961,4217.793702,19282.63188,4454.498312,1009.78624,10249.15758,5443.825721,699.5461036,9190.319528,13715.65402,73244.57722,5951.87356,578.4438531,1329.068895,76515.63184,836.9922767,5219.557528,63089.58297,1415.411307,1585.85903,4657.825685,81832.3468,22322.6191,10647.4502,12442.85178,9358.66919,1441.808404,7259.072666,10034.70942,297.083445,1094746.642,229593.755,72884.24372,26534.07047,4239.076266,6808.128434,59034.66599,2725.605877,126505.5861,5525.687823,15275.46745,35710.00271,47807.01761,2287.064727,5198.999713,5908.479415,2282.340642,3918.477872,1935.326158,3112.467201,3581.580998,470.4022234,2034.492726,18777.25991,13850.40303,25996.27633,346.909651,12490.26901,397.4124535,2890.298086,1238.116386,106574.1985,4299.870951,2884.883463,695.900732,30007.81955,20546.96269,2042.274463,27128.34826,16356.74804,4057.39986,13734.56933,140801.2021,4614.94665,2701.04462,170305.9508,3179.930145,5964.57882,27557.16716,91363.80884,38365.9483,10519.97123,762.9679802,22061.27188,142214.8203,9816.819572,160.2966486,23738.48644,11055.73499,7406.998834,4694.882164,4413.985214,5410.317061,2006.174941,47568.34225,43694.2538,20108.05946,39341.00155,460.3889617,1266.855224,9050.756761,7523.25766,19284.95384,6929.30329,38694.93436,63850.73446,5853.543325,1230.144658,10035.37231,72897.34717,4676.84265,29087.23046,46662.12605,60790.12222,297364.7893,3264.988824,26577.45593,25455.25922,84426.6865,20594.38349,12131.76028,11793.76921
2050,39365.92783,2977.579238,20428.28193,8188.86956,8017.279345,297.755049,917.3340742,144457.4653,280.0522367,9746.867666,10369.65753,284.0742705,7920.756242,655.7277833,9144.447434,4355.849247,1862.262039,188918.0987,361.3508824,7388.310545,14183.41419,8413.319806,13428.84905,17584.49416,32573.58254,15993.67675,1291938.621,41618.83108,683.8783753,4212.28404,19266.15683,4453.154383,1008.363949,10249.7719,5444.151507,698.5527459,9178.964862,13698.49771,73152.30676,5944.967522,577.7328918,1329.042216,76387.42074,836.0532114,5221.227469,63073.21993,1413.446581,1582.663485,4658.902271,81789.58745,22288.87882,10640.41275,12426.31602,9344.767259,1439.936736,7249.085523,10037.62821,296.7666334,1093558.087,229316.9927,72801.52378,26494.63499,4235.998973,6800.039889,59006.29871,2721.668246,126514.4913,5516.27569,15260.25678,35661.61613,47758.1626,2283.745854,5193.117967,5899.866984,2283.578889,3914.679646,1934.730821,3108.188853,3582.768549,469.6715306,2033.347478,18754.63759,13833.87672,25975.08505,346.4789599,12468.37483,397.3805738,2886.458727,1237.334088,106438.2484,4296.220326,2881.353167,695.6070322,29979.12653,20524.82525,2040.029072,27095.40323,16350.68665,4055.138637,13710.13366,140605.8493,4614.120511,2700.936705,170043.8063,3175.98541,5957.895984,27523.17507,91261.55145,38367.10512,10510.47248,761.4549243,22050.16885,142200.5291,9799.541368,159.9952412,23709.93958,11038.39079,7401.760398,4689.869785,4410.463534,5409.773769,2005.371177,47541.81671,43647.06212,20087.76696,39288.3414,459.873625,1266.039146,9053.366838,7522.510601,19258.20527,6918.029131,38641.26751,63764.72119,5845.896745,1228.361355,10026.45999,72806.55777,4671.24516,29035.52993,46657.8917,60774.97135,297302.6299,3262.834944,26538.48527,25426.15737,84301.77248,20556.05394,12118.07287,11778.62704
2055,39334.13965,2974.946409,20411.05775,8184.863223,8007.961971,297.5266433,915.7067363,144306.1511,280.0074583,9744.707739,10366.13625,283.6101612,7909.366766,654.9363629,9135.012499,4355.498644,1860.469625,188734.8903,360.9144465,7386.220732,14164.21301,8396.374053,13410.56797,17562.54314,32556.07771,15977.37982,1290783.993,41578.99492,683.2251835,4207.237021,19247.59872,4452.706406,1007.597324,10243.32151,5444.205805,697.5454951,9170.174154,13682.97533,73067.3017,5940.561946,576.8569874,1328.762083,76267.50565,835.7010619,5222.062439,63060.63298,1411.426117,1579.576527,4661.055443,81748.4727,22257.12325,10631.66925,12410.14772,9331.233591,1438.164323,7240.032428,10035.7159,296.5593734,1092478.573,229108.8492,72702.11474,26457.81113,4231.404111,6792.423175,58963.7478,2719.453329,126525.9408,5507.356053,15243.06873,35610.77515,47715.53422,2279.727083,5183.830998,5892.133372,2283.854055,3910.685634,1932.618334,3104.43002,3582.696576,469.3436556,2032.202229,18729.80821,13816.53764,25951.30946,345.9242297,12447.21045,397.3128294,2882.903765,1236.887061,106318.2301,4306.650683,2877.134033,695.5021394,29952.22682,20501.68157,2037.743223,27070.28939,16349.70372,4052.190973,13683.57316,140414.6237,4612.009269,2697.591323,169798.5744,3172.356253,5951.745409,27493.84319,91163.81872,38364.40587,10501.07927,759.242365,22034.84667,142190.5252,9782.745794,159.7806266,23665.58577,11022.02221,7398.617337,4685.59998,4406.193498,5407.437615,2004.205719,47507.23878,43585.45076,20072.49735,39238.0045,460.2647287,1264.858971,9050.666759,7517.654717,19233.9405,6905.593392,38586.08891,63696.68084,5838.250164,1227.358247,10014.44338,72724.48416,4665.414441,28985.81788,46644.71814,60745.27565,297243.4305,3261.170582,26499.77972,25399.33306,84188.67465,20517.31664,12102.85153,11760.107
2060,39303.52881,2973.33081,20393.83357,8182.328602,8002.178773,297.3041702,914.0793983,144160.6013,279.9906664,9744.805918,10364.58274,283.1910565,7898.211321,654.1318611,9125.849726,4354.622136,1858.159814,188564.9031,360.6078593,7384.951916,14145.42924,8383.623607,13394.95567,17539.90075,32541.49034,15964.91746,1290096.405,41543.72331,682.6999365,4202.82088,19227.52566,4452.616811,1006.739915,10235.02815,5444.3144,696.684122,9162.482284,13668.54224,72995.37433,5935.858696,576.0152091,1328.375234,76154.37821,835.4579111,5222.323368,63051.19276,1409.614667,1576.722254,4661.3831,81741.89433,22228.67556,10625.69808,12393.97943,9317.331661,1436.491165,7231.266734,10030.58285,296.3846829,1091486.293,228951.0261,72603.43131,26423.07657,4227.188642,6786.828598,58930.65264,2717.81265,126501.7696,5499.53085,15231.50862,35564.84295,47681.04833,2275.730889,5176.659395,5884.98564,2283.555958,3906.260895,1930.102554,3100.915663,3581.473039,469.1047753,2030.934276,18704.24315,13798.38579,25922.6237,345.3694995,12425.8028,397.2092203,2879.718519,1236.55179,106205.6465,4305.173049,2873.833349,695.3972466,29924.43046,20473.7079,2035.336002,27047.87596,16352.81633,4049.889372,13656.34864,140227.5253,4609.71444,2692.789083,169560.1075,3169.042675,5945.535695,27465.05956,91067.89586,38344.73992,10494.43015,756.7636904,22018.85831,142210.5329,9766.722431,159.6086192,23619.10865,11007.60484,7394.351753,4681.887107,4401.967482,5403.308597,2003.502425,47473.60818,43536.94819,20061.04515,39189.60363,460.0116616,1263.64113,9046.166626,7512.201186,19209.10254,6896.36908,38535.06761,63645.32963,5831.465981,1226.986726,10000.62428,72649.6737,4659.816952,28938.66245,46635.30847,60718.0041,297199.0309,3259.832565,26465.31588,25375.2924,84095.83314,20477.55993,12088.57415,11742.28584
2065,39273.31042,2972.253744,20379.04104,8182.165078,7998.323308,297.0935623,912.4520603,144023.6981,279.9710759,9747.94763,10365.51484,282.8169562,7887.133885,653.3469814,9116.959115,4352.78147,1855.591305,188406.2483,360.4130863,7387.265638,14127.34117,8374.986209,13381.07807,17517.4312,32529.17212,15956.28968,1289927.751,41512.18635,682.1275519,4198.90944,19208.77819,4452.796002,1005.862331,10229.80641,5444.097209,696.0797715,9155.339833,13655.47077,72932.89198,5931.393585,575.1791186,1328.241837,76045.02168,835.3237589,5222.166811,63048.04602,1407.984362,1574.054129,4662.880959,81770.67466,22203.75626,10624.41854,12377.68864,9304.442454,1434.917262,7222.64474,10025.85239,296.2484835,1090581.247,228829.7996,72512.00401,26390.69247,4224.322122,6782.582112,58923.56082,2717.046999,126455.9716,5493.566185,15227.70595,35519.61201,47658.05774,2272.231397,5173.150985,5878.07226,2283.395445,3901.483744,1928.009271,3097.279067,3580.033584,468.9174182,2029.727675,18680.33339,13781.18217,25890.06149,344.8871254,12405.85476,397.0577917,2876.703911,1236.26619,106104.746,4304.999209,2872.599181,695.2294181,29900.81849,20443.52048,2032.76695,27025.46253,16359.69683,4048.153076,13628.59292,140045.9298,4607.740887,2686.09832,169335.1707,3166.044676,5939.5034,27437.64659,90975.59274,38313.89138,10490.73619,754.3458422,22010.64207,142257.694,9751.760857,159.4271436,23580.41703,10994.37989,7389.711996,4678.081412,4397.609403,5398.907933,2003.381861,47443.76695,43516.84803,20055.01768,39140.42834,459.7723981,1262.39818,9042.116507,7506.598244,19184.07352,6891.517775,38485.18011,63614.51891,5825.544193,1227.048646,9988.507528,72581.40007,4655.105731,28892.35922,46645.65911,60699.21702,297139.8314,3258.298741,26438.54012,25352.77011,84020.71593,20439.84202,12075.12274,11726.21184
2070,39247.40895,2971.027085,20366.47752,8182.982698,7994.628487,296.8948196,910.8247223,143894.0002,279.9374921,9753.936519,10367.79332,282.482235,7876.21247,652.6667523,9108.522106,4350.546375,1853.07823,188270.2586,360.2904514,7393.68435,14108.69654,8366.266549,13368.26797,17495.65303,32517.17807,15949.73895,1289966.671,41483.13915,681.4406904,4195.29241,19189.84134,4453.064787,1005.146142,10229.9088,5443.445638,695.6629781,9149.021511,13643.35242,72870.40962,5927.345218,574.3544034,1328.548649,75936.41933,835.3405279,5221.644954,63050.56341,1406.423728,1571.510102,4664.144777,81811.78942,22179.27801,10627.51076,12362.13278,9291.829444,1433.371718,7214.597545,10025.14786,296.1418927,1089807.05,228747.4571,72436.54022,26359.09185,4223.099636,6778.807458,58945.42726,2716.664174,126431.8004,5489.079005,15227.85806,35474.03044,47644.16759,2269.567267,5172.583448,5871.276055,2284.175082,3896.549965,1926.319282,3093.428555,3579.817665,468.7534807,2028.868739,18657.1593,13764.79132,25858.01614,344.4667709,12386.27162,396.8704984,2873.746182,1235.968171,106022.9636,4305.955325,2872.857495,695.0755754,29884.67867,20413.73557,2030.319271,27001.15882,16366.57733,4046.699433,13601.63401,139860.2071,4606.180403,2678.112571,169132.2201,3163.425372,5933.707667,27413.52317,90889.62413,38289.21254,10489.57523,752.2549357,22014.19504,142314.8589,9737.474967,159.2283094,23554.70126,10981.69694,7386.718604,4674.229305,4393.119262,5397.006412,2003.783743,47413.45205,43522.09155,20052.8076,39093.1891,459.5331346,1261.142674,9039.776438,7501.518243,19159.42663,6888.306347,38434.91468,63601.6811,5819.564912,1227.283943,9980.696731,72521.84223,4651.93382,28848.04448,46681.41589,60690.73254,297042.1523,3257.156532,26421.57331,25330.50087,83957.4149,20406.20173,12062.37929,11711.53559
2075,39226.60928,2969.710671,20354.31928,8183.06446,7991.335277,296.7049759,909.3802313,143777.2721,279.8899151,9761.398085,10369.13969,282.1812671,7865.681106,652.1304178,9100.720141,4348.749534,1850.897769,188155.0451,360.1714234,7402.864601,14090.60846,8355.737149,13355.59132,17474.0477,32502.91487,15943.348,1289953.698,41456.58171,680.7066913,4191.759497,19170.14702,4453.915943,1004.692219,10233.79951,5442.142495,695.2670243,9143.069469,13632.32336,72810.10689,5923.594525,573.5467513,1329.242311,75831.5879,835.5166027,5220.914355,63049.30472,1404.821292,1569.05915,4664.56605,81838.10287,22156.78448,10633.48193,12347.92428,9279.492631,1431.89707,7206.69405,10028.87183,296.0471453,1089163.704,228681.1257,72383.57043,26331.14751,4223.015327,6774.897994,58983.2503,2716.117281,126464.8767,5485.522095,15226.79331,35429.85138,47640.33583,2267.738501,5172.377071,5864.597027,2285.894869,3891.929442,1924.87895,3089.578042,3581.509026,468.5895432,2028.561976,18635.08875,13748.53594,25832.68997,344.063644,12366.81012,396.6712503,2870.731574,1235.632901,105960.2991,4307.997937,2873.345422,695.0336182,29877.20653,20385.7619,2028.094109,26974.42473,16369.68993,4045.003516,13575.47191,139675.8601,4604.803506,2670.720358,168966.4772,3161.153204,5928.562474,27392.14105,90814.51473,38291.14058,10490.31402,750.878739,22027.29661,142387.7441,9723.671709,159.0389435,23540.07394,10969.014,7387.092778,4670.191555,4388.717162,5398.962263,2004.487036,47381.71614,43543.93955,20052.40577,39047.88588,459.2984724,1259.924834,9037.886382,7496.363536,19137.83671,6883.796684,38385.02718,63604.89055,5813.298166,1227.828841,9977.992994,72476.08438,4649.974699,28804.29788,46732.22816,60681.03598,296911.9135,3256.242764,26409.1133,25309.74998,83904.24204,20378.27009,12049.39986,11698.14059
2080,39210.91141,2969.321731,20341.9584,8181.838031,7990.451733,296.5447953,908.5208506,143679.2782,279.8507341,9769.056009,10368.72543,281.9196783,7855.929843,651.7772219,9094.006822,4348.355106,1849.04992,188068.1627,360.0091126,7412.86585,14072.65953,8343.727052,13344.38248,17452.78805,32488.00334,15936.95705,1290187.218,41433.34395,679.9861601,4188.689227,19149.31649,4455.439062,1004.540912,10237.79261,5440.404971,694.864124,9137.941556,13622.24743,72756.343,5920.55825,572.7846007,1330.02935,75732.78993,835.768138,5219.818456,63043.01124,1403.274592,1566.623711,4665.221363,81846.32582,22134.73201,10639.02659,12334.08324,9267.984411,1430.394064,7199.509055,10034.10553,295.9612804,1088640.303,228598.7832,72361.80203,26303.98665,4223.352564,6770.516699,59017.52743,2715.40632,126557.745,5482.238793,15222.99064,35387.42546,47649.91524,2266.406436,5170.777648,5858.73823,2287.84396,3888.444471,1923.649866,3085.880327,3584.567868,468.40687,2028.950542,18613.0182,13732.55147,25815.892,343.6742992,12346.86209,396.5277916,2867.660087,1235.459057,105908.2558,4311.648562,2873.201914,695.1175325,29874.81544,20358.99572,2026.192606,26948.23072,16368.87083,4042.863431,13549.97383,139481.883,4603.105333,2667.024251,168836.2506,3159.196615,5924.363525,27373.50023,90748.45464,38321.98912,10493.26919,750.67345,22047.72619,142469.2041,9711.316344,158.8764044,23530.87289,10956.00585,7391.208692,4666.246627,4385.151462,5403.634572,2005.130048,47353.76959,43571.03108,20053.41035,39004.5187,459.1098223,1258.794879,9035.006297,7491.134123,19119.49483,6877.305501,38337.4073,63615.80269,5806.801448,1228.695724,9979.094516,72444.12651,4648.855201,28762.25569,46785.86333,60666.49115,296781.6747,3255.557439,26400.09968,25292.03582,83869.63748,20356.86263,12036.30243,11686.02686
2085,39200.31535,2970.548389,20327.97642,8179.712219,7992.861399,296.4291092,908.4751388,143610.106,279.8339422,9775.241255,10367.06835,281.6834044,7846.56863,651.600624,9088.47287,4349.538391,1847.497727,188015.2778,359.8179464,7422.270009,14055.26715,8331.881477,13331.30551,17433.08398,32472.44349,15930.88564,1291147.246,41414.67074,679.3531701,4186.628361,19129.62217,4457.410159,1004.712394,10239.84035,5438.341661,694.5098496,9133.912481,13613.39696,72712.75066,5919.06988,572.0736393,1330.74969,75643.04216,836.0867495,5218.9313,63024.76016,1401.853301,1564.343395,4667.00007,81859.48254,22114.44373,10642.97182,12321.34458,9257.028584,1429.018671,7193.329959,10038.13145,295.8813373,1088269.561,228498.1423,72378.49114,26278.39276,4223.352564,6765.865786,59033.48402,2715.105529,126646.7967,5478.791326,15217.36269,35346.05143,47664.76333,2264.91633,5168.352718,5854.168369,2289.380303,3886.956506,1922.632032,3082.304851,3587.662697,468.2288807,2029.973085,18591.49941,13717.51524,25807.10537,343.3676471,12328.00876,396.4879419,2864.673918,1235.545979,105856.2124,4316.646441,2872.570479,695.2993466,29873.02213,20333.6383,2024.614764,26925.27721,16366.74115,4040.359935,13526.06937,139293.4089,4600.902297,2669.830055,168746.6141,3157.397816,5920.815116,27358.42309,90690.53895,38365.56269,10497.06869,751.8215478,22070.82048,142557.8097,9699.73319,158.7312239,23522.85145,10942.9977,7398.617337,4662.719397,4382.202055,5409.013161,2005.773059,47331.03342,43595.9378,20052.8076,38965.4108,458.9763869,1257.865805,9030.776172,7485.979415,19104.97418,6870.882647,38289.03155,63634.4175,5800.477208,1229.835057,9981.898392,72422.33705,4648.482035,28723.05419,46828.20688,60648.91615,296669.1957,3255.035286,26395.06266,25278.11754,83861.19735,20339.32891,12023.205,11676.00973
2090,39192.07397,2973.061544,20314.39971,8177.831694,7996.556219,296.3727494,909.0419644,143565.4323,279.8367408,9779.561109,10365.20414,281.4865096,7838.065528,651.5352173,9084.027564,4352.167914,1846.185754,188000.1678,359.6339941,7429.8829,14038.70961,8321.434337,13327.16892,17414.58982,32456.88363,15928.32926,1292314.848,41399.73218,678.7336479,4185.829249,19109.73849,4459.336457,1005.075532,10239.84035,5436.332649,694.2389339,9130.982245,13605.49961,72674.97063,5920.141506,571.3968041,1331.216578,75564.60713,836.3634384,5217.939772,63010.28517,1400.543483,1562.156153,4669.20005,81880.03992,22096.14017,10643.93148,12309.46333,9247.177548,1427.671637,7188.372312,10039.54052,295.8221202,1088029.669,228397.5015,72415.49743,26255.14933,4222.340852,6761.282277,59033.48402,2715.925869,126710.405,5474.960807,15211.58264,35306.43052,47688.23289,2263.132718,5165.72141,5850.94603,2290.022357,3888.170372,1921.729424,3078.943293,3589.498003,468.0696272,2031.486449,18571.63591,13702.34354,25801.93677,343.2263804,12309.52033,396.5158367,2861.858388,1235.868832,105813.728,4321.383561,2871.824238,695.5440965,29868.53884,20309.08587,2023.259437,26910.42494,16365.5944,4038.179471,13502.69613,139109.0619,4598.561572,2679.029853,168678.9639,3155.69369,5917.680689,27346.08725,90639.86273,38403.35216,10499.49615,753.8364213,22089.69563,142619.2619,9689.018773,158.5907775,23515.30187,10930.96516,7408.121356,4659.424222,4379.384711,5412.761874,2006.094564,47310.66559,43608.17268,20050.59753,38930.17497,458.8843625,1257.137612,9026.27604,7481.048826,19092.93733,6865.689701,38242.9234,63657.52554,5794.325448,1230.862933,9983.700884,72406.35812,4648.155515,28685.84117,46852.67204,60632.55321,296571.5166,3254.806844,26396.12309,25266.22374,83882.29769,20324.03786,12010.81554,11668.08921
2095,39185.79483,2975.784128,20301.22828,8175.215311,7998.564274,296.3312211,909.6270747,143552.4625,279.8255462,9782.015572,10363.02923,281.3149298,7830.264517,651.522136,9080.398743,4355.936898,1844.966174,188002.0566,359.5005385,7435.405977,14023.12604,8311.974329,13322.63201,17396.95987,32440.67545,15929.927,1292911.623,41389.35818,678.1679973,4186.291893,19089.47606,4461.038768,1005.499193,10238.50932,5434.432232,694.0027509,9129.150847,13599.10003,72636.46406,5923.892199,570.7427196,1331.389993,75497.48485,836.6485118,5216.739502,62995.81017,1399.289402,1560.186084,4670.229828,81898.13041,22080.26239,10642.33206,12298.80695,9238.247168,1426.423858,7184.276864,10038.93664,295.7806682,1087877.011,228315.159,72444.52196,26233.73404,4219.895879,6757.372813,59024.61924,2718.22282,126758.7474,5470.692514,15206.56312,35269.61464,47703.55995,2261.236219,5163.91561,5848.602512,2289.793052,3891.185459,1920.961247,3075.88733,3589.821881,467.9337932,2033.061166,18553.05986,13687.44277,25796.76816,343.2263804,12292.85642,396.5835811,2859.412574,1236.377946,105788.2374,4324.686507,2871.106698,695.8238106,29859.27339,20284.73468,2022.065941,26907.99457,16365.5944,4036.362417,13480.38531,138937.0964,4596.266743,2689.200891,168628.2263,3154.147354,5914.782822,27338.13749,90598.23583,38423.0181,10499.91831,755.5243531,22102.13102,142626.4075,9679.462671,158.4582214,23507.98821,10920.01663,7418.373724,4656.546745,4375.907053,5414.174433,2006.07447,47291.24511,43605.98788,20047.58379,38898.42399,458.8199454,1256.522414,9022.315923,7475.744707,19083.19321,6861.999976,38197.94907,63689.62005,5788.748619,1231.643128,9983.600745,72394.01076,4647.968932,28650.61663,46863.96366,60614.97821,296470.8776,3255.002652,26399.56947,25255.8483,83920.2783,20310.58175,11998.89806,11661.10052
2100,39181.47791,2977.878423,20286.84102,8172.271881,7998.242985,296.2511308,909.8099217,143559.668,279.7863652,9783.488249,10360.64719,281.14335,7823.087587,651.502514,9077.223525,4360.144135,1843.838986,188020.944,359.4247934,7439.510967,14008.3773,8302.596582,13320.36356,17380.53981,32422.52229,15934.08112,1292872.703,41381.47394,677.6225484,4187.133063,19070.91795,4462.427495,1005.065444,10235.02815,5432.586113,693.7943542,9128.601428,13593.2451,72597.9575,5929.488472,570.1227613,1331.389993,75440.92113,837.0341993,5215.591417,62981.33517,1398.132861,1558.355626,4669.340474,81900.5973,22067.0309,10639.4531,12289.37545,9230.237447,1425.275335,7181.187316,10037.32627,295.7421771,1087757.065,228289.9988,72441.61951,26212.84107,4217.450907,6753.46335,59011.61758,2721.34011,126785.4629,5466.643108,15202.76045,35234.20127,47721.76084,2259.33972,5162.883725,5846.434757,2289.403234,3894.709587,1920.250683,3073.014725,3589.282085,467.8354307,2034.410923,18535.21949,13673.76115,25789.01525,343.2263804,12276.92232,396.6433555,2857.108959,1236.949148,105787.1753,4326.33798,2870.503964,696.1314961,29848.5135,20261.9935,2020.95336,26914.7456,16365.5944,4034.585743,13458.34009,138766.5066,4594.017811,2695.325097,168589.3274,3152.127649,5911.884955,27333.75141,90562.03852,38428.03099,10499.70723,756.0565838,22109.0149,142597.8251,9670.775305,158.3367116,23499.25901,10910.26052,7428.850596,4653.901323,4372.781562,5414.065775,2005.592212,47272.2983,43595.50084,20046.57921,38868.22185,458.8061417,1255.969992,9018.355806,7469.917647,19075.3597,6858.446907,38155.99822,63729.41723,5783.459256,1232.299482,9982.6995,72388.20024,4648.342098,28618.23278,46874.78479,60590.13079,296358.3986,3255.557439,26404.34139,25246.99122,83959.10293,20299.97996,11986.98057,11653.87887
