INDEX, area_2000, area_r,   area_frac,            coast_length, coast_r,  coast_meanrat,      dryland_loss,       max_dryland_loss, DEM,   land_value, wetland_loss_SLR,   wetland_loss_coastalsqueeze, exposed_wetland,     W_1990,            coast_protection_cost
AUS,   7633565,   7896008,  0.966762571669127,    25760,        40894,    1.25984251968504,   3818.33154290736,   7630496.68085989, 0.548, 1514759,    311.799960122578,   222.888252743874,            3058.31914010857,    67457.9700912636,  46.1102362204724
NZL,   262443,    7896008,  0.033237428330873,    15134,        40894,    0.740157480314961,  77.1239193293305,   262371.227061743, 0.548, 1514759,    6.29783838861518,   4.50197041061164,            61.772938257081,     1362.53831941414,  27.0897637795276
BLZ,   22806,     2331921,  0.00977991964564837,  386,          15035,    0.179714000665115,  21.0980921823767,   22700.5998545845, 0.678, 509083,     25.9683698762592,   0.418306059597271,           95.4001454154634,    133.578957050791,  7.60190222813435
CRI,   51060,     2331921,  0.0218961105457689,   1290,         15035,    0.600598603259062,  157.86188402078,    50336.1891700463, 0.678, 509083,     194.302677141539,   3.12988407172157,            713.810829953677,    999.475480687439,  25.4053209178583
SLV,   20721,     2331921,  0.00888580702347978,  307,          15035,    0.142933155969405,  15.2459976001776,   20642.061520848,  0.678, 509083,     18.7653794187458,   0.302278193005854,           68.9384791519528,    96.5274225283615,  6.04607249750582
GTM,   107159,    2331921,  0.0459531004695271,   400,          15035,    0.18623212504157,   102.729554406476,   106684.483381904, 0.678, 509083,     126.443615990977,   2.03679056553993,            464.516618096394,    650.414578592659,  7.8776188892584
HND,   111890,    2331921,  0.0479818999014118,   832,          15035,    0.387362820086465,  223.111194323244,   110871.148574086, 0.678, 509083,     274.614119970504,   4.42356416602232,            1008.85142591397,    1412.59031321087,  16.3854472896575
MEX,   1943945,   2331921,  0.833623866331664,    9330,         15035,    4.34386431659461,   43468.2721929027,   1747382.6552517,  0.678, 509083,     53502.4759788518,   861.833454007901,            196552.344748298,    275211.920307089,  183.745460591952
PAN,   74340,     2331921,  0.0318792960825002,   2490,         15035,    1.15929497838377,   443.637924385675,   72323.9834307123, 0.678, 509083,     546.047178673638,   8.79588687135876,            2006.01656928774,    2808.81753361173,  49.0381775856335
CAN,   9093507,   9093507,  1,                    202080,       202080,   1,                  970,                9093497,          0.261, 1170585,    0,                  0,                           0,                   130509.75,         13
BIH,   51187,     1119672,  0.0457160668481484,   20,           7647.1,   0.0313844463914425, 2.71028704558284,   51176.9928261328, 0.193, 220274,     0.054521391070486,  0,                           0.00717386724611657, 16.2095108676798,  0.0972917838134718
BGR,   108489,    1119672,  0.0968935545409727,   354,          7647.1,   0.555504701128532,  101.67509453185,    108478.730875875, 0.193, 220274,     2.04534335214944,   0,                           0.269124125282821,   608.09188180729,   1.72206457349845
HRV,   55974,     1119672,  0.0499914260604891,   6268,         7647.1,   9.83588549907808,   928.840081697206,   55961.5414502867, 0.193, 220274,     18.6849778213308,   0,                           2.458549713333,      5555.1471653696,   30.4912450471421
CZE,   77247,     1119672,  0.0689907401453283,   0,            7647.1,   0,                  0,                  77237,            0.193, 220274,     0,                  0,                           0,                   0,                 0
HUN,   89608,     1119672,  0.0800305803842554,   0,            7647.1,   0,                  0,                  89598,            0.193, 220274,     0,                  0,                           0,                   0,                 0
MKD,   25433,     1119672,  0.0227146878728771,   0,            7647.1,   0,                  0,                  25423,            0.193, 220274,     0,                  0,                           0,                   0,                 0
MNE,   13452,     1119672,  0.012014232739588,    293.5,        7647.1,   0.460566750794419,  10.4525097412062,   13441.9723332193, 0.193, 220274,     0.210267533174079,  0,                           0.0276667806807999,  62.5136996174424,  1.4277569274627
POL,   311888,    1119672,  0.278553004808551,    440,          7647.1,   0.690457820611735,  363.309671080554,   311877.038354497, 0.193, 220274,     7.30850582374857,   0,                           0.961645503124812,   2172.85917051158,  2.14041924389638
ROU,   229891,    1119672,  0.205319950842747,    225,          7647.1,   0.353075021903728,  136.939930860491,   229880.637533269, 0.193, 220274,     2.75474715336086,   0,                           0.362466730705376,   819.001552296873,  1.09453256790156
SRB,   88246,     1119672,  0.0788141527161526,   0,            7647.1,   0,                  0,                  88236,            0.193, 220274,     0,                  0,                           0,                   0,                 0
SVK,   48105,     1119672,  0.0429634750176838,   0,            7647.1,   0,                  0,                  48095,            0.193, 220274,     0,                  0,                           0,                   0,                 0
SVN,   20152,     1119672,  0.0179981280232068,   46.6,         7647.1,   0.0731257600920611, 2.48616350995808,   20141.993419366,  0.193, 220274,     0.0500128180933864, 0,                           0.00658063395965611, 14.8690872057901,  0.226689856285389
CHN,   9326410,   10879966, 0.857209480250214,    14500,        14500,    2,                  60004.663617515,    9293599.7364477,  0.708, 973897,     10079.069068782,    3049.95133073026,            32800.2635522942,    53698.3449132102,  236.8
MNG,   1553556,   10879966, 0.142790519749786,    0,            14500,    0,                  0,                  1553546,          0.708, 973897,     0,                  0,                           0,                   0,                 0
ARM,   29843,     21438378, 0.00139203628184931,  0,            45127,    0,                  0,                  29833,            0.555, 5527204,    0,                  0,                           0,                   0,                 0
AZE,   86100,     21438378, 0.00401616204360237,  0,            45127,    0,                  0,                  86090,            0.555, 5527204,    0,                  0,                           0,                   0,                 0
BLR,   202900,    21438378, 0.00946433540821045,  0,            45127,    0,                  0,                  202890,           0.555, 5527204,    0,                  0,                           0,                   0,                 0
EST,   42388,     21438378, 0.00197720182002575,  3794,         45127,    1.26110754094001,   37.7460599271988,   42378,            0.555, 5527204,    0,                  0,                           0,                   296.611620829587,  68.0998072107607
GEO,   69700,     21438378, 0.00325117879720192,  310,          45127,    0.10304252443105,   5.07137639415423,   69690,            0.555, 5527204,    0,                  0,                           0,                   39.8512897772169,  5.56429631927671
KAZ,   2699700,   21438378, 0.125928370140689,    0,            45127,    0,                  0,                  2699690,          0.555, 5527204,    0,                  0,                           0,                   0,                 0
KGZ,   191801,    21438378, 0.00894661900261298,  0,            45127,    0,                  0,                  191791,           0.555, 5527204,    0,                  0,                           0,                   0,                 0
LVA,   62249,     21438378, 0.00290362451860864,  498,          45127,    0.165532829569881,  7.27600677380173,   62239,            0.555, 5527204,    0,                  0,                           0,                   57.1754553059797,  8.93877279677355
LTU,   62680,     21438378, 0.0029237286514866,   90,           45127,    0.0299155716090146, 1.32404537949289,   62670,            0.555, 5527204,    0,                  0,                           0,                   10.4044566988122,  1.61544086688679
MDA,   32891,     21438378, 0.00153421121691203,  0,            45127,    0,                  0,                  32881,            0.555, 5527204,    0,                  0,                           0,                   0,                 0
RUS,   16377742,  21438378, 0.763945014870062,    37653,        45127,    12.5156779754914,   144738.804948434,   16377732,         0.555, 5527204,    0,                  0,                           0,                   1137369.34703899,  675.846610676535
TJK,   131510,    21438378, 0.00613432602037337,  0,            45127,    0,                  0,                  131500,           0.555, 5527204,    0,                  0,                           0,                   0,                 0
TKM,   469930,    21438378, 0.0219200351817661,   0,            45127,    0,                  0,                  469920,           0.555, 5527204,    0,                  0,                           0,                   0,                 0
UKR,   553544,    21438378, 0.0258202369600909,   2782,         45127,    0.92472355795865,   361.443689067752,   553534,           0.555, 5527204,    0,                  0,                           0,                   2840.254020149,    49.9350721297671
UZB,   425400,    21438378, 0.0198429190865092,   0,            45127,    0,                  0,                  425390,           0.555, 5527204,    0,                  0,                           0,                   0,                 0
JPN,   364485,    464394,   0.784861561518883,    29751,        32164,    1.84995647307549,   3901.41578429938,   359011.275550309, 0.412, 171553,     831.972923112596,   10.1637180833999,            5463.72444969057,    6693.31654382303,  139.671713717199
KOR,   99909,     464394,   0.215138438481117,    2413,         32164,    0.150043526924512,  86.7367095430676,   99777.5298704836, 0.412, 171553,     18.4965145397014,   0.225960910607173,           121.470129516399,    148.806557680354,  11.3282862828006
BHR,   765,       6058913,  0.000126260271438128, 161,          18276,    0.114521777194134,  0.0234389316427294, 754.997975662906, 0.628, 601498,     0,                  0,                           0.00202433709437514, 0.234925042779769, 2.16446158896914
IRN,   1531595,   6058913,  0.252783791416051,    2440,         18276,    1.73560954256949,   711.18775011411,    1531523.57724552, 0.628, 601498,     0,                  0,                           61.4227544824031,    7128.13259438091,  32.8030203545634
IRQ,   437367,    6058913,  0.0721857204419341,   58,           18276,    0.0412562924053403, 4.82752472305903,   437356.583063873, 0.628, 601498,     0,                  0,                           0.416936126605962,   48.3855863983814,  0.779743926460932
ISR,   20330,     6058913,  0.00335538734423155,  273,          18276,    0.194189100459619,  1.05621061276333,   20319.908778849,  0.628, 601498,     0,                  0,                           0.0912211510097881,  10.5862471536684,  3.6701739986868
JOR,   88802,     6058913,  0.014656424345423,    26,           18276,    0.0184942000437733, 0.439386385752275,  88791.9620517619, 0.628, 601498,     0,                  0,                           0.0379482381278954,  4.40390658768445,  0.349540380827314
KWT,   17818,     6058913,  0.00294079152481642,  499,          18276,    0.354946377763187,  1.69203756847372,   17807.8538647381, 0.628, 601498,     0,                  0,                           0.146135261928637,   16.9590493379833,  6.70848653972423
LBN,   10230,     6058913,  0.00168842166903535,  225,          18276,    0.160045961917269,  0.438034838701354,  10219.9621684902, 0.628, 601498,     0,                  0,                           0.0378315098199812,  4.39036022586233,  3.02486868023638
OMN,   309500,    6058913,  0.0510817699478438,   2092,         18276,    1.48807178813745,   123.21762535172,    309479.358132295, 0.628, 601498,     0,                  0,                           10.6418677046519,    1234.99254779189,  28.1245567957978
QAT,   11586,     6058913,  0.00191222418938843,  563,          18276,    0.400470562486321,  1.24134477419014,   11575.8927894705, 0.628, 601498,     0,                  0,                           0.107210529541406,   12.4418202427551,  7.56889363099146
SAU,   2149690,   6058913,  0.354797964585397,    2640,         18276,    1.87787261982928,   1080.01618627431,   2149586.72284634, 0.628, 601498,     0,                  0,                           93.2771536572507,    10824.8469951931,  35.4917925147735
SYR,   183630,    6058913,  0.0303074165283443,   193,          18276,    0.137283869555701,  6.74452617535824,   183619.417499282, 0.628, 601498,     0,                  0,                           0.582500718414654,   67.5994164079914,  2.59466513460276
TUR,   769632,    6058913,  0.127024765003227,    7200,         18276,    5.12147078135259,   1054.54742202745,   769530.922492854, 0.628, 601498,     0,                  0,                           91.0775071461093,    10569.5772319871,  96.795797767564
YEM,   527968,    6058913,  0.0871390627328697,   1906,         18276,    1.35576712628584,   191.505388479775,   527941.460361266, 0.628, 601498,     0,                  0,                           16.5396387336018,    1919.43098204832,  25.6239986868024
EGY,   995450,    1597110,  0.623282053208608,    2450,         5433,     1.35284373274434,   7044.11969499533,   988755.084876476, 0.337, 445413,     2233.6453282311,    0,                           6684.91512352442,    7845.33139408374,  25.7040309221425
MAR,   446300,    1597110,  0.279442242550607,    1835,         5433,     1.01325234676974,   2365.39757425807,   444045.222412172, 0.337, 445413,     750.052450827103,   0,                           2244.77758782834,    2634.44243600813,  19.2517945886251
TUN,   155360,    1597110,  0.0972757042407849,   1148,         5433,     0.633903920485919,  515.136463691436,   154861.132166131, 0.337, 445413,     163.346479808309,   0,                           488.867833869488,    573.729074153442,  12.0441744892325
ARG,   2736690,   17209650, 0.159020665731145,    4989,         30620,    1.79225996080993,   8381.18238526428,   2657222.78850715, 0.756, 3131627,    7761.86353862303,   1353.21025487927,            79457.2114928491,    112376.93235721,   210.769771391248
BOL,   1083301,   17209650, 0.0629472999160355,   0,            30620,    0,                  0,                  1083291,          0.756, 3131627,    0,                  0,                           0,                   0,                 0
BRA,   8460415,   17209650, 0.491608777633479,    7491,         30620,    2.69108425865447,   38904.3036259315,   8091575.47940364, 0.756, 3131627,    36029.5101488972,   6281.41713251685,            368829.520596357,    521638.367476929,  316.471508817766
CHL,   743812,    17209650, 0.0432206349344699,   6435,         30620,    2.31172436316133,   2938.17672558127,   715946.821726068, 0.756, 3131627,    2721.06318034755,   474.392596764712,            27855.1782739323,    39395.7883227431,  271.858785107773
COL,   1038700,   17209650, 0.0603556725441831,   3208,         30620,    1.15244937949053,   2045.45850474656,   1019298.17417633, 0.756, 3131627,    1894.3114536766,    330.255958803573,            19391.8258236746,    27426.0052413995,  135.528047028086
ECU,   256369,    17209650, 0.0148968166116103,   2237,         30620,    0.803625081645983,  352.044590881916,   253021.465959242, 0.756, 3131627,    326.030618154797,   56.8404705514788,            3337.53404075765,    4720.29951833713,  94.5063096015676
PRY,   397302,    17209650, 0.0230860011679494,   0,            30620,    0,                  0,                  397292,           0.756, 3131627,    0,                  0,                           0,                   0,                 0
PER,   1279996,   17209650, 0.0743766433367326,   2414,         30620,    0.867210973220118,  1896.75859452384,   1262003.91324086, 0.756, 3131627,    1756.5995702813,    306.247145468738,            17982.0867591354,    25432.2006701015,  101.984010450686
SUR,   156000,    17209650, 0.0090646817337947,   386,          30620,    0.138667537557152,  36.9639254257428,   155639.566098773, 0.756, 3131627,    34.2325141988193,   5.96812724594236,            350.43390122652,     495.621304522496,  16.3073024167211
URY,   175015,    17209650, 0.0101695850874364,   660,          30620,    0.237099934683214,  70.9063924793247,   174332.776921627, 0.756, 3131627,    65.6668375822739,   11.4484153940162,            672.223078372612,    950.730160144531,  27.8829523187459
VEN,   882050,    17209650, 0.0512532213031642,   2800,         30620,    1.00587851077727,   1516.06359075618,   867667.065510576, 0.756, 3131627,    1404.03563201462,   244.780832077748,            14372.9344894245,    20327.7494458514,  118.291312867407
BGD,   130168,    4120578,  0.0315897429923666,   580,          9966,     0.349187236604455,  896.522992046156,   129435.67437603,  0.93,  1241785,    157.772603571039,   0,                           722.325623969959,    818.777157958547,  60.0602046959663
BTN,   38394,     4120578,  0.00931762485748359,  0,            9966,     0,                  0,                  38384,            0.93,  1241785,    0,                  0,                           0,                   0,                 0
IND,   2864021,   4120578,  0.695053218262098,    7000,         9966,     4.21432871763998,   238069.327031767,   2672199.32676689, 0.93,  1241785,    41896.1007017577,   0,                           191811.673233112,    217424.124884171,  724.864539434076
NPL,   143351,    4120578,  0.0347890514389001,   0,            9966,     0,                  0,                  143341,           0.93,  1241785,    0,                  0,                           0,                   0,                 0
PAK,   881912,    4120578,  0.214026284662006,    1046,         9966,     0.629741119807345,  10954.3381427189,   873076.12581237,  0.93,  1241785,    1927.77481950549,   0,                           8825.87418763044,    10004.3857562892,  108.315472606863
LKA,   62732,     4120578,  0.0152240777871454,   1340,         9966,     0.806742925948224,  998.212808959256,   61917.7432252343, 0.93,  1241785,    175.668259692947,   0,                           804.256774765659,    911.648506517499,  138.759783263095
BRN,   5265,      3673579,  0.00143320723468857,  161,          103140,   0.0140488656195462, 3.16694351933259,   5249.17232538342, 0.812, 1908853,    1.02456621047797,   8.05397433804048e-05,        5.82767461658348,    6.03135721140023,  2.384092495637
KHM,   176515,    3673579,  0.0480498718007698,   443,          103140,   0.0386561954624782, 292.146985713155,   175967.403556439, 0.812, 1908853,    94.5150831479844,   0.0074297009451103,          537.596443561055,    556.38593436021,   6.55995636998255
IDN,   1811569,   3673579,  0.493134624299627,    54716,        103140,   4.77452006980803,   370326.923863221,   1130099.16313813, 0.812, 1908853,    119807.77386913,    9.41792464334324,            681459.83686187,     705277.485747145,  810.236055846422
LAO,   230800,    3673579,  0.0628270142005929,   0,            103140,   0,                  0,                  230790,           0.812, 1908853,    0,                  0,                           0,                   0,                 0
MYS,   329613,    3673579,  0.0897253060298962,   4675,         103140,   0.407940663176265,  5757.07667658991,   319009.072634678, 0.812, 1908853,    1862.52334402475,   0.146410403382117,           10593.9273653224,    10964.1948831636,  69.2275305410122
PHL,   298170,    3673579,  0.0811660780944142,   36289,        103140,   3.16657940663176,   40425.463917285,    223770.78260593,  0.812, 1908853,    13078.4032363405,   1.02807532564335,            74389.2173940701,    76989.1890503623,  537.36852530541
SGP,   687,       3673579,  0.000187011086463637, 193,          103140,   0.0168411867364747, 0.495370468489116,  676.088440356642, 0.812, 1908853,    0.160261728882855,  1.25979545157005e-05,        0.911559643358427,   0.943419492389998, 2.85794938917976
THA,   510890,    3673579,  0.139071461373228,    3219,         103140,   0.280890052356021,  6144.18728437659,   499573.728177305, 0.812, 1908853,    1987.76095752644,   0.156255160265417,           11306.271822695,     11701.4364353514,  47.6670418848167
VNM,   310070,    3673579,  0.08440542588032,     3444,         103140,   0.300523560209424,  3989.68822084654,   302718.345615962, 0.812, 1908853,    1290.73970421891,   0.101463276346186,           7341.65438403822,    7598.25196601943,  50.9988481675393
BHS,   10010,     98148,    0.101988833190692,    3542,         8810,     4.02043132803632,   617.108845604939,   7701.32080500911, 0.667, 206778,     626.539744906543,   69.2966079117839,            2298.67919499089,    2571.65862547131,  64.3269012485812
BRB,   431,       98148,    0.00439132738313567,  97,           8810,     0.110102156640182,  0.727659396171466,  418.289529186088, 0.667, 206778,     0.738779772325581,  0.0817105900019785,          2.71047081391179,    3.03235251916573,  1.76163450624291
COM,   1862,      98148,    0.0189713493907161,   340,          8810,     0.385925085130533,  11.0188870411231,   1810.95556096177, 0.667, 206778,     11.1872819925821,   1.23733681724239,            41.0444390382298,    45.9186675158094,  6.17480136208854
DOM,   48320,     98148,    0.492317724253169,    1288,         8810,     1.46197502837684,   1083.2331094226,    44275.0466369282, 0.667, 206778,     1099.78750245697,   121.638800991641,            4034.95336307183,    4514.12386823263,  23.3916004540295
FJI,   18274,     98148,    0.186188205567103,    1129,         8810,     1.28149829738933,   359.092801984466,   16926.4091375914, 0.667, 206778,     364.580598958315,   40.3233777643686,            1337.59086240858,    1496.43633881598,  20.5039727582293
JAM,   10831,     98148,    0.110353751477361,    1022,         8810,     1.16004540295119,   192.663119960095,   10103.3458800689, 0.667, 206778,     195.607473288388,   21.6345961948545,            717.65411993109,     802.879067095364,  18.5607264472191
MDV,   298,       98148,    0.00303623099808453,  644,          8810,     0.730987514188422,  3.34026765943642,   275.557780399468, 0.667, 206778,     3.39131493928163,   0.375086534514787,           12.4422196005319,    13.9197942128862,  11.6958002270148
MUS,   2030,      98148,    0.0206830500876228,   177,          8810,     0.200908059023837,  6.25386412893461,   1996.70487554365, 0.667, 206778,     6.34943813223394,   0.702261154677707,           23.2951244563505,    26.0615347588069,  3.21452894438138
STP,   964,       98148,    0.00982190161796471,  209,          8810,     0.237230419977299,  3.50673103793724,   940.937718140415, 0.667, 206778,     3.56032227639077,   0.393779099941125,           13.0622818595855,    14.613491906892,   3.79568671963678
TTO,   5128,      98148,    0.0522476260341525,   362,          8810,     0.410896708286039,  32.3099082175558,   4997.6482754368,  0.667, 206778,     32.8036809012792,   3.62815580648965,            120.351724563201,    134.644082235464,  6.57434733257662
BEN,   110622,    17285931, 0.00639953960246631,  121,          21760,    0.200183823529412,  162.187835365132,   110493.34981479,  0.799, 1395419,    35.6743546817019,   0.441974085725111,           118.650185210442,    302.460468960064,  16.8754963235294
BWA,   566730,    17285931, 0.032785622018276,    0,            21760,    0,                  0,                  566720,           0.799, 1395419,    0,                  0,                           0,                   0,                 0
BFA,   273800,    17285931, 0.0158394708390309,   0,            21760,    0,                  0,                  273790,           0.799, 1395419,    0,                  0,                           0,                   0,                 0
BDI,   25680,     17285931, 0.00148560120944599,  0,            21760,    0,                  0,                  25670,            0.799, 1395419,    0,                  0,                           0,                   0,                 0
CMR,   472710,    17285931, 0.0273465166556548,   402,          21760,    0.665073529411765,  2302.56682950931,   471015.533466701, 0.799, 1395419,    506.465762794789,   6.27466830050642,            1684.46653329856,    4294.0054135219,   56.0656985294118
CIV,   318003,    17285931, 0.0183966371264585,   797,          21760,    1.31856617647059,   3071.00794239706,   315746.372438026, 0.799, 1395419,    675.489788249245,   8.36872829913418,            2246.62756197365,    5727.05406879848,  111.155128676471
DJI,   23180,     17285931, 0.00134097492347968,  314,          21760,    0.519485294117647,  88.193074103579,    23105.4814462311, 0.799, 1395419,    19.3986867076536,   0.240332779622239,           64.5185537689071,    164.469292609678,  43.7926102941177
GNQ,   28051,     17285931, 0.00162276477905645,  296,          21760,    0.489705882352941,  100.607755535072,   27967.3993578744, 0.799, 1395419,    22.1293831723444,   0.274163723002794,           73.6006421256515,    187.621154519085,  41.2822058823529
ETH,   1000000,   17285931, 0.0578505143865262,   0,            21760,    0,                  0,                  999990,           0.799, 1395419,    0,                  0,                           0,                   0,                 0
GAB,   257667,    17285931, 0.0149061684904331,   885,          21760,    1.46415441176471,   2763.08008635911,   255635.64023982,  0.799, 1395419,    607.758891366977,   7.52960166343258,            2021.3597601801,     5152.80629285751,  123.428216911765
GMB,   10000,     17285931, 0.000578505143865262, 80,           21760,    0.132352941176471,  9.6935172648922,    9982.90860737964, 0.799, 1395419,    2.1321572745727,    0.0264155657603182,          7.09139262035766,    18.0772236784047,  11.1573529411765
GHA,   227533,    17285931, 0.0131629010899095,   539,          21760,    0.891727941176471,  1486.01967425729,   226435.886967262, 0.799, 1395419,    326.860475103417,   4.049515707641,              1087.11303273793,    2771.24487510344,  75.1726654411765
GIN,   245717,    17285931, 0.0142148548435141,   320,          21760,    0.529411764705882,  952.744792711007,   245010.009711801, 0.799, 1395419,    209.562915614472,   2.59630142877125,            696.99028819857,     1776.75246823463,  44.6294117647059
GNB,   28120,     17285931, 0.00162675646454912,  350,          21760,    0.579044117647059,  119.254496151336,   28022.7581422881, 0.799, 1395419,    26.2308648704307,   0.324977497766315,           87.2418577119501,    222.395044303574,  48.8134191176471
KEN,   569140,    17285931, 0.0329250417579475,   536,          21760,    0.886764705882353,  3696.3688388143,    566425.883218713, 0.799, 1395419,    813.042314137706,   10.0728839148744,            2704.11678128674,    6893.27562649927,  74.7542647058823
LSO,   30355,     17285931, 0.001756052364203,    0,            21760,    0,                  0,                  30345,            0.799, 1395419,    0,                  0,                           0,                   0,                 0
LBR,   96320,     17285931, 0.00557216154571021,  579,          21760,    0.957904411764706,  675.750598163259,   95815.6476742067, 0.799, 1395419,    148.636095062102,   1.841471354057,              494.352325793325,    1260.19218617948,  80.7513419117647
MDG,   581540,    17285931, 0.0336423881363405,   4828,         21760,    7.9875,             34020.3090624103,   556642.091717088, 0.799, 1395419,    7483.00616468098,   92.7079084574617,            24887.9082829123,    63443.7139506649,  673.34625
MWI,   94080,     17285931, 0.00544257639348439,  0,            21760,    0,                  0,                  94070,            0.799, 1395419,    0,                  0,                           0,                   0,                 0
MLI,   1220190,   17285931, 0.0705886191492955,   0,            21760,    0,                  0,                  1220180,          0.799, 1395419,    0,                  0,                           0,                   0,                 0
MRT,   1025520,   17285931, 0.0593268595136704,   754,          21760,    1.24742647058824,   9369.29431552644,   1018655.79602517, 0.799, 1395419,    2060.84215734716,   25.5320337661066,            6854.20397482751,    17472.5875471437,  105.158051470588
MOZ,   786380,    17285931, 0.0454924875032765,   2470,         21760,    4.08639705882353,   23535.3582796398,   769152.46569734,  0.799, 1395419,    5176.76752352356,   64.1356266605246,            17217.5343026603,    43890.5635948414,  344.483272058824
NAM,   823290,    17285931, 0.0476277499892832,   1572,         21760,    2.60073529411765,   15681.8315040107,   811807.794281236, 0.799, 1395419,    3449.32909347551,   42.7341737799064,            11472.205718764,     29244.6970525109,  219.241985294118
NER,   1266700,   17285931, 0.0732792465734128,   0,            21760,    0,                  0,                  1266690,          0.799, 1395419,    0,                  0,                           0,                   0,                 0
NGA,   910768,    17285931, 0.0526883972867877,   853,          21760,    1.41121323529412,   9413.43646057697,   903871.503383286, 0.799, 1395419,    2070.55153250096,   25.6523244411546,            6886.49661671424,    17554.9072467859,  118.965275735294
RWA,   24668,     17285931, 0.00142705648888683,  0,            21760,    0,                  0,                  24658,            0.799, 1395419,    0,                  0,                           0,                   0,                 0
SEN,   192530,    17285931, 0.0111379595348379,   531,          21760,    0.878492647058823,  1238.75189844268,   191613.77826118,  0.799, 1395419,    272.472189348774,   3.37569236633486,            906.221738819815,    2310.12072690067,  74.0569301470588
SLE,   71620,     17285931, 0.00414325384036301,  402,          21760,    0.665073529411765,  348.860477522069,   71354.7875164163, 0.799, 1395419,    76.7343147624607,   0.950671116926381,           255.212483583683,    650.582106823292,  56.0656985294118
ZAF,   1214470,   17285931, 0.0702577142070045,   2798,         21760,    4.62904411764706,   41174.269479646,    1184338.53812423, 0.799, 1395419,    9056.57005576295,   112.202990240896,            30121.4618757711,    76784.9748278909,  390.228419117647
SDN,   2505813,   17285931, 0.144962571006444,    853,          21760,    1.41121323529412,   25899.3634576399,   2486856.05330598, 0.799, 1395419,    5696.74708302316,   70.5777190951624,            18946.9466940193,    48299.1440111975,  118.965275735294
SWZ,   17204,     17285931, 0.000995260249505798, 0,            21760,    0,                  0,                  17194,            0.799, 1395419,    0,                  0,                           0,                   0,                 0
TZA,   885800,    17285931, 0.0512439856435849,   1424,         21760,    2.35588235294118,   15284.0013159699,   874608.831062059, 0.799, 1395419,    3361.82354659337,   41.650056507872,             11181.1689379408,    28502.792427109,   198.600882352941
TGO,   54385,     17285931, 0.00314620022491123,  56,           21760,    0.0926470588235294, 36.9027355515814,   54348.0034228639, 0.799, 1395419,    8.11701613643455,   0.100562738071244,           26.9965771360706,    68.8190866825029,  7.81014705882353
UGA,   197100,    17285931, 0.0114023363855843,   0,            21760,    0,                  0,                  197090,           0.799, 1395419,    0,                  0,                           0,                   0,                 0
ZMB,   743398,    17285931, 0.0430059566939148,   0,            21760,    0,                  0,                  743388,           0.799, 1395419,    0,                  0,                           0,                   0,                 0
ZWE,   386847,    17285931, 0.0223792979388845,   0,            21760,    0,                  0,                  386837,           0.799, 1395419,    0,                  0,                           0,                   0,                 0
USA,   9161966,   9161966,  1,                    19924,        19924,    1,                  20000,              9130907,          0.583, 1373498,    11400,              789,                         31049,               42828.8,           95.3
AUT,   82445,     3675021,  0.0224338854118113,   0,            92470.31, 0,                  0,                  82435,            0.273, 1004586,    0,                  0,                           0,                   0,                 0
BEL,   30278,     3675021,  0.00823886448540022,  66.5,         92470.31, 0.0143829949310216, 0.49912008830329,   30263.5915798848, 0.273, 1004586,    0.380383543080143,  0.10700509015619,            4.40842011516121,    11.2575504970756,  2.21354291988423
CYP,   9241,      3675021,  0.00251454345430951,  648,          92470.31, 0.140153093463188,  1.48439743635541,   9217.8892323297,  0.273, 1004586,    1.13127155049878,   0.318236202523488,           13.1107676702977,    33.4802775706881,  21.5695610839847
DNK,   42434,     3675021,  0.0115466006860913,   7314,         92470.31, 1.58191315677432,   76.9352107081546,   41744.4787016228, 0.273, 1004586,    58.6329597277247,   16.4939447458366,            679.5212983772,      1735.25778634643,  243.456434827568
FIN,   303815,    3675021,  0.0826702758977432,   1250,         92470.31, 0.270357047575595,  94.1402710992572,   302973.517007257, 0.273, 1004586,    71.7450784018556,   20.1824940177182,            831.482992743249,    2123.31436971595,  41.607949621884
FRA,   640427,    3675021,  0.174264854540967,    4853,         92470.31, 1.04963420150749,   770.435248294456,   633612.220297471, 0.273, 1004586,    587.155068144635,   165.171659356575,            6804.77970252857,    17377.0078897957,  161.538703612003
DEU,   348672,    3675021,  0.0948761925442059,   2389,         92470.31, 0.516706389326477,  206.485444125344,   346838.241336099, 0.273, 1004586,    157.364262973018,   44.2678907989519,            1823.758663901,      4657.23654211978,  79.5211133173448
GRC,   130647,    3675021,  0.0355500009387701,   13676,        92470.31, 2.95792238611507,   442.909252856678,   126725.055549674, 0.273, 1004586,    337.544800966272,   94.9541916736895,            3911.94445032624,    9989.72671407743,  455.224255223109
ISL,   100250,    3675021,  0.0272787556860219,   4970,         92470.31, 1.07493962116056,   123.508540455663,   99149.1251847028, 0.273, 1004586,    94.1268791221935,   26.4786828184862,            1090.87481529715,    2785.70961895417,  165.433207696611
IRL,   68883,     3675021,  0.0187435663632943,   1448,         92470.31, 0.313181603911569,  24.7250304241738,   68654.6190451472, 0.273, 1004586,    18.843149967141,    5.30073657954152,            218.380954852828,    557.667954195285,  48.1986488419905
ITA,   294140,    3675021,  0.0800376378801645,   7600,         92470.31, 1.64377084925962,   554.145613594141,   289235.573334062, 0.273, 1004586,    422.318950531147,   118.801872999884,            4894.42666593761,    12498.6398543395,  252.976333701055
LUX,   2586,      3675021,  0.000703669448419478, 0,            92470.31, 0,                  0,                  2576,             0.273, 1004586,    0,                  0,                           0,                   0,                 0
MLT,   316,       3675021,  8.59859032098048e-05, 252.81,       92470.31, 0.0546791721580689, 0.0198032992761164, 305.825089662946, 0.273, 1004586,    0.0150922579953308, 0.0042455791183127,          0.174910337053675,   0.44665932474774,  8.4151245951268
NLD,   33893,     3675021,  0.00922253233382884,  451,          92470.31, 0.0975448227652746, 3.78915850757487,   33849.5326982909, 0.273, 1004586,    2.88774900506062,   0.812348084601165,           33.4673017091169,    85.4636874774058,  15.0121482235758
NOR,   304282,    3675021,  0.0827973500015374,   25148,        92470.31, 5.43915122594485,   1896.86286030975,   287518.179456495, 0.273, 1004586,    1445.61485792837,   406.66361891256,             16753.820543505,     42783.3500121286,  837.085373672912
PRT,   91470,     3675021,  0.0248896536917748,   1793,         92470.31, 0.387800149042433,  40.6551144643317,   91100.9184310774, 0.273, 1004586,    30.9835986302243,   8.7159469043902,             359.081568922618,    916.967709319073,  59.6824429376305
ESP,   498980,    3675021,  0.1357760948849,      4964,         92470.31, 1.0736419073322,    614.003901891625,   493546.881966246, 0.273, 1004586,    467.937446598318,   131.634739650555,            5423.11803375409,    13848.7311829978,  165.233489538426
SWE,   410335,    3675021,  0.111655144283529,    3218,         92470.31, 0.696007183278611,  327.32623976931,    407433.929066501, 0.273, 1004586,    249.458031733021,   70.1746425716256,            2891.07093349902,    7382.77572787603,  107.115505506578
CHE,   39997,     3675021,  0.010883475223679,    0,            92470.31, 0,                  0,                  39987,            0.273, 1004586,    0,                  0,                           0,                   0,                 0
GBR,   241930,    3675021,  0.065830916340342,    12429,        92470.31, 2.68821419545365,   745.387547230153,   235336.451203216, 0.273, 1004586,    568.066008216712,   159.801746236664,            6583.54879678446,    16812.0621659608,  413.716164680317
